,Unnamed: 0,date,open,high,low,close,volume
0,0,2012-03-16,10.04,10.09,10.02,10.07,-1
1,1,2012-03-19,10.08,10.12,10.045,10.105,-1
2,2,2012-03-20,10.05,10.055,9.97,9.98,-1
3,3,2012-03-21,9.99,10.0,9.94,9.975,-1
4,4,2012-03-22,9.91,9.915,9.83,9.835,-1
5,5,2012-03-23,9.91,9.97,9.895,9.95,-1
6,6,2012-03-26,9.95,10.015,9.92,10.005,-1
7,7,2012-03-27,9.965,10.0,9.94,9.95,-1
8,8,2012-03-28,9.9,9.91,9.835,9.85,-1
9,9,2012-03-29,9.8125,9.8275,9.695,9.7075,-1
10,10,2012-03-30,9.6825,9.82,9.675,9.8075,-1
11,11,2012-04-02,9.8175,9.88,9.7575,9.87,-1
12,12,2012-04-03,9.9,9.9325,9.8675,9.925,-1
13,13,2012-04-04,9.845,9.8475,9.7325,9.7575,-1
14,14,2012-04-05,9.745,9.77,9.71,9.755,-1
15,15,2012-04-10,9.735,9.745,9.6425,9.6625,-1
16,16,2012-04-11,9.6075,9.65,9.5875,9.6275,-1
17,17,2012-04-12,9.65,9.745,9.6425,9.74,-1
18,18,2012-04-13,9.7175,9.725,9.6225,9.6275,-1
19,19,2012-04-16,9.53,9.59,9.5275,9.5275,-1
20,20,2012-04-17,9.5225,9.58,9.5225,9.5675,-1
21,21,2012-04-18,9.5425,9.545,9.4475,9.4525,-1
22,22,2012-04-19,9.4925,9.5275,9.46,9.4875,-1
23,23,2012-04-20,9.4875,9.535,9.4775,9.52,-1
24,24,2012-04-23,9.4975,9.5,9.425,9.4675,-1
25,25,2012-04-24,9.5175,9.5675,9.5125,9.5525,-1
26,26,2012-04-25,9.5375,9.59,9.51,9.52,-1
27,27,2012-04-26,9.575,9.65,9.575,9.63,-1
28,28,2012-04-27,9.585,9.6875,9.585,9.6625,-1
29,29,2012-04-30,9.695,9.6975,9.6275,9.6625,-1
30,30,2012-05-02,9.73,9.735,9.6425,9.6475,-1
31,31,2012-05-03,9.5875,9.5925,9.5225,9.55,-1
32,32,2012-05-04,9.545,9.5475,9.38,9.4,-1
33,33,2012-05-07,9.395,9.4475,9.3925,9.4075,-1
34,34,2012-05-08,9.45,9.45,9.305,9.33,-1
35,35,2012-05-09,9.36,9.365,9.29,9.345,-1
36,36,2012-05-10,9.385,9.395,9.33,9.3575,-1
37,37,2012-05-11,9.2675,9.325,9.26,9.3225,-1
38,38,2012-05-14,9.2225,9.225,9.135,9.1625,-1
39,39,2012-05-15,9.17,9.215,9.1525,9.1575,-1
40,40,2012-05-16,9.1175,9.25,9.0925,9.205,-1
41,41,2012-05-17,9.28,9.2925,9.2375,9.26,-1
42,42,2012-05-18,9.275,9.3825,9.2625,9.3625,-1
43,43,2012-05-21,9.39,9.425,9.325,9.34,-1
44,44,2012-05-22,9.35,9.3625,9.2775,9.3325,-1
45,45,2012-05-23,9.175,9.185,9.07,9.11,-1
46,46,2012-05-24,9.155,9.2,9.1125,9.165,-1
47,47,2012-05-25,9.13,9.155,9.1075,9.1225,-1
48,48,2012-05-28,9.135,9.145,9.115,9.1175,-1
49,49,2012-05-29,9.155,9.175,9.095,9.13,-1
50,50,2012-05-30,8.9875,8.9875,8.865,8.87,-1
51,51,2012-05-31,8.885,8.915,8.8225,8.8575,-1
52,52,2012-06-01,8.795,8.8,8.6775,8.7525,-1
53,53,2012-06-04,8.6625,8.775,8.655,8.7475,-1
54,54,2012-06-05,8.8,8.815,8.7275,8.7775,-1
55,55,2012-06-06,8.855,8.92,8.8425,8.905,-1
56,56,2012-06-07,8.87,9.0,8.86,8.865,-1
57,57,2012-06-08,8.755,8.8275,8.7225,8.81,-1
58,58,2012-06-11,8.92,8.92,8.82,8.825,-1
59,59,2012-06-12,8.7925,8.8425,8.77,8.82,-1
60,60,2012-06-13,8.795,8.8255,8.745,8.775,-1
61,61,2012-06-14,8.745,8.84,8.72,8.835,-1
62,62,2012-06-15,8.8975,8.9075,8.85,8.87,-1
63,63,2012-06-18,8.9075,8.9075,8.825,8.885,-1
64,64,2012-06-19,8.96,9.0475,8.9325,9.0325,-1
65,65,2012-06-20,9.0375,9.055,8.945,8.97,-1
66,66,2012-06-21,8.895,8.9075,8.845,8.865,-1
67,67,2012-06-22,8.75,8.8475,8.74,8.835,-1
68,68,2012-06-25,8.895,8.9425,8.875,8.9325,-1
69,69,2012-06-26,8.9825,9.0025,8.9425,8.9525,-1
70,70,2012-06-27,9.0025,9.13,8.975,9.09,-1
71,71,2012-06-28,9.0825,9.0975,8.9625,8.9725,-1
72,72,2012-06-29,9.0875,9.2125,9.0775,9.2025,-1
73,73,2012-07-02,9.2875,9.31,9.2475,9.26,-1
74,74,2012-07-03,9.3725,9.53,9.37,9.515,-1
75,75,2012-07-04,9.53,9.5475,9.51,9.5175,-1
76,76,2012-07-05,9.515,9.6105,9.4975,9.6005,-1
77,77,2012-07-06,9.55,9.58,9.4375,9.445,-1
78,78,2012-07-09,9.4925,9.58,9.4675,9.5525,-1
79,79,2012-07-10,9.525,9.56,9.475,9.505,-1
80,80,2012-07-11,9.45,9.55,9.445,9.4875,-1
81,81,2012-07-12,9.4525,9.46,9.3925,9.4275,-1
82,82,2012-07-13,9.5575,9.6505,9.5525,9.6075,-1
83,83,2012-07-16,9.6775,9.705,9.6525,9.685,-1
84,84,2012-07-17,9.7125,9.74,9.6425,9.6825,-1
85,85,2012-07-18,9.68,9.7625,9.625,9.725,-1
86,86,2012-07-19,9.8725,9.9655,9.8725,9.94,-1
87,87,2012-07-20,9.9875,9.9955,9.935,9.955,-1
88,88,2012-07-23,9.9125,9.9125,9.76,9.8775,-1
89,89,2012-07-24,9.81,9.815,9.725,9.7325,-1
90,90,2012-07-25,9.725,9.8305,9.7125,9.755,-1
91,91,2012-07-26,9.7525,9.8605,9.715,9.765,-1
92,92,2012-07-27,9.7975,9.86,9.7725,9.84,-1
93,93,2012-07-30,9.9,9.96,9.885,9.94,-1
94,94,2012-07-31,9.98,10.0255,9.915,9.955,-1
95,95,2012-08-01,9.905,9.905,9.7925,9.8,-1
96,96,2012-08-02,9.82,9.835,9.6425,9.6625,-1
97,97,2012-08-03,9.6575,9.8225,9.6325,9.82,-1
98,98,2012-08-06,9.7175,9.7775,9.7075,9.7725,-1
99,99,2012-08-07,9.7875,9.86,9.785,9.85,-1
100,100,2012-08-08,9.78,9.8405,9.78,9.8225,-1
101,101,2012-08-09,9.87,9.965,9.8475,9.94,-1
102,102,2012-08-10,9.8775,9.8825,9.8,9.8275,-1
103,103,2012-08-13,9.7775,9.7925,9.705,9.7225,-1
104,104,2012-08-14,9.7325,9.7475,9.675,9.69,-1
105,105,2012-08-15,9.7275,9.7355,9.6775,9.71,-1
106,106,2012-08-16,9.72,9.7775,9.7125,9.7675,-1
107,107,2012-08-17,9.7625,9.8075,9.7475,9.8075,-1
108,108,2012-08-20,9.8025,9.8405,9.7725,9.835,-1
109,109,2012-08-21,9.8875,10.005,9.8825,9.99,-1
110,110,2012-08-22,9.97,10.015,9.9325,9.995,-1
111,111,2012-08-23,10.055,10.065,10.015,10.035,-1
112,112,2012-08-24,9.9775,10.035,9.9625,9.975,-1
113,113,2012-08-27,10.015,10.0255,9.91,9.93,-1
114,114,2012-08-28,9.86,9.905,9.855,9.885,-1
115,115,2012-08-29,9.8575,9.9,9.8525,9.8925,-1
116,116,2012-08-30,9.92,9.955,9.895,9.92,-1
117,117,2012-08-31,9.9175,9.9575,9.89,9.955,-1
118,118,2012-09-03,10.005,10.025,9.985,10.025,-1
119,119,2012-09-04,10.065,10.085,10.035,10.065,-1
120,120,2012-09-05,9.995,10.025,9.975,9.985,-1
121,121,2012-09-06,9.9775,10.025,9.965,10.025,-1
122,122,2012-09-07,9.97,10.045,9.97,10.04,-1
123,123,2012-09-10,10.085,10.125,10.075,10.11,-1
124,124,2012-09-11,10.095,10.18,10.085,10.16,-1
125,125,2012-09-12,10.195,10.23,10.14,10.165,-1
126,126,2012-09-13,10.195,10.255,10.185,10.205,-1
127,127,2012-09-14,10.365,10.435,10.355,10.415,-1
128,128,2012-09-17,10.335,10.345,10.245,10.26,-1
129,129,2012-09-18,10.135,10.165,10.085,10.145,-1
130,130,2012-09-19,10.14,10.16,10.035,10.05,-1
131,131,2012-09-20,9.9875,10.035,9.955,10.01,-1
132,132,2012-09-21,10.055,10.1,10.03,10.065,-1
133,133,2012-09-24,10.015,10.025,9.955,9.985,-1
134,134,2012-09-25,10.015,10.085,10.015,10.055,-1
135,135,2012-09-26,10.005,10.005,9.885,9.925,-1
136,136,2012-09-27,9.9625,10.015,9.955,9.98,-1
137,137,2012-09-28,10.075,10.12,10.025,10.08,-1
138,138,2012-10-01,10.11,10.235,10.105,10.175,-1
139,139,2012-10-02,10.185,10.215,10.125,10.165,-1
140,140,2012-10-03,10.115,10.13,10.03,10.04,-1
141,141,2012-10-04,10.095,10.16,10.095,10.11,-1
142,142,2012-10-05,10.145,10.16,10.095,10.1,-1
143,143,2012-10-08,10.03,10.055,9.995,10.04,-1
144,144,2012-10-09,10.075,10.1,10.035,10.045,-1
145,145,2012-10-10,10.085,10.095,10.045,10.065,-1
146,146,2012-10-11,10.045,10.185,10.045,10.175,-1
147,147,2012-10-12,10.105,10.125,10.025,10.03,-1
148,148,2012-10-15,9.9625,9.98,9.865,9.88,-1
149,149,2012-10-16,9.9675,9.975,9.925,9.9325,-1
150,150,2012-10-17,9.9625,9.99,9.9375,9.98,-1
151,151,2012-10-18,10.035,10.04,9.9675,10.03,-1
152,152,2012-10-19,10.04,10.085,10.025,10.04,-1
153,153,2012-10-22,10.015,10.025,9.9525,9.9575,-1
154,154,2012-10-23,9.88,9.8825,9.76,9.7875,-1
155,155,2012-10-24,9.8475,9.86,9.8025,9.8075,-1
156,156,2012-10-25,9.8325,9.865,9.7625,9.7675,-1
157,157,2012-10-26,9.7475,9.8025,9.735,9.755,-1
158,158,2012-10-29,9.715,9.78,9.695,9.71,-1
159,159,2012-10-30,9.7425,9.7675,9.6975,9.705,-1
160,160,2012-10-31,9.75,9.78,9.73,9.7575,-1
161,161,2012-11-01,9.7775,9.795,9.76,9.7725,-1
162,162,2012-11-02,9.7175,9.725,9.6,9.605,-1
163,163,2012-11-05,9.535,9.5775,9.51,9.5625,-1
164,164,2012-11-06,9.57,9.63,9.5675,9.6225,-1
165,165,2012-11-07,9.725,9.7275,9.5975,9.6175,-1
166,166,2012-11-08,9.6125,9.6325,9.585,9.625,-1
167,167,2012-11-09,9.6225,9.63,9.55,9.6125,-1
168,168,2012-11-12,9.5475,9.6,9.5375,9.5475,-1
169,169,2012-11-13,9.5475,9.62,9.535,9.6025,-1
170,170,2012-11-14,9.635,9.675,9.62,9.6575,-1
171,171,2012-11-15,9.6375,9.6475,9.5975,9.6375,-1
172,172,2012-11-16,9.5775,9.5875,9.5225,9.535,-1
173,173,2012-11-19,9.6525,9.74,9.65,9.7225,-1
174,174,2012-11-20,9.7125,9.7275,9.6825,9.7125,-1
175,175,2012-11-21,9.6825,9.735,9.6825,9.7125,-1
176,176,2012-11-22,9.745,9.76,9.74,9.7525,-1
177,177,2012-11-23,9.7475,9.815,9.725,9.795,-1
178,178,2012-11-26,9.8025,9.8175,9.76,9.7625,-1
179,179,2012-11-27,9.7925,9.8025,9.7625,9.78,-1
180,180,2012-11-28,9.7825,9.7875,9.6725,9.73,-1
181,181,2012-11-29,9.76,9.82,9.76,9.7875,-1
182,182,2012-11-30,9.76,9.7825,9.7325,9.7375,-1
183,183,2012-12-03,9.7775,9.8075,9.7525,9.785,-1
184,184,2012-12-04,9.72,9.745,9.67,9.6775,-1
185,185,2012-12-05,9.7025,9.7225,9.6675,9.7025,-1
186,186,2012-12-06,9.735,9.7625,9.67,9.675,-1
187,187,2012-12-07,9.6925,9.6925,9.655,9.655,-1
188,188,2012-12-10,9.625,9.6525,9.605,9.6125,-1
189,189,2012-12-11,9.5975,9.6275,9.555,9.5725,-1
190,190,2012-12-12,9.57,9.6075,9.555,9.575,-1
191,191,2012-12-13,9.545,9.5525,9.5125,9.5275,-1
192,192,2012-12-14,9.54,9.55,9.51,9.545,-1
193,193,2012-12-17,9.55,9.5825,9.54,9.55,-1
194,194,2012-12-18,9.5625,9.5825,9.535,9.5675,-1
195,195,2012-12-19,9.5325,9.56,9.4925,9.51,-1
196,196,2012-12-20,9.47,9.48,9.4,9.43,-1
197,197,2012-12-21,9.4475,9.475,9.435,9.4625,-1
198,198,2012-12-27,9.4775,9.4825,9.415,9.4425,-1
199,199,2012-12-28,9.47,9.4725,9.435,9.435,-1
200,200,2013-01-02,9.51,9.59,9.4875,9.51,-1
201,201,2013-01-03,9.4825,9.4975,9.4225,9.445,-1
202,202,2013-01-04,9.3725,9.39,9.3425,9.3425,-1
203,203,2013-01-07,9.3725,9.4,9.355,9.38,-1
204,204,2013-01-08,9.3775,9.395,9.3525,9.3675,-1
205,205,2013-01-09,9.35,9.4075,9.34,9.34,-1
206,206,2013-01-10,9.3725,9.4225,9.365,9.405,-1
207,207,2013-01-11,9.3825,9.3975,9.33,9.35,-1
208,208,2013-01-14,9.48,9.495,9.455,9.475,-1
209,209,2013-01-15,9.4725,9.5075,9.4575,9.5025,-1
210,210,2013-01-16,9.4975,9.515,9.4725,9.49,-1
211,211,2013-01-17,9.495,9.5775,9.4925,9.56,-1
212,212,2013-01-18,9.585,9.5975,9.5575,9.565,-1
213,213,2013-01-21,9.615,9.645,9.5975,9.64,-1
214,214,2013-01-22,9.6575,9.665,9.6075,9.6225,-1
215,215,2013-01-23,9.64,9.6575,9.62,9.6325,-1
216,216,2013-01-24,9.5875,9.6025,9.56,9.5975,-1
217,217,2013-01-25,9.5975,9.6025,9.5425,9.545,-1
218,218,2013-01-28,9.5425,9.5475,9.51,9.5275,-1
219,219,2013-01-29,9.565,9.5825,9.525,9.5775,-1
220,220,2013-01-30,9.6,9.6725,9.5975,9.665,-1
221,221,2013-01-31,9.71,9.725,9.625,9.635,-1
222,222,2013-02-01,9.6725,9.7525,9.6575,9.7375,-1
223,223,2013-02-04,9.6975,9.7075,9.65,9.695,-1
224,224,2013-02-05,9.6525,9.7125,9.6525,9.67,-1
225,225,2013-02-06,9.6775,9.6825,9.6375,9.6675,-1
226,226,2013-02-07,9.6525,9.6825,9.61,9.61,-1
227,227,2013-02-08,9.59,9.6475,9.585,9.6325,-1
228,228,2013-02-11,9.56,9.56,9.495,9.5325,-1
229,229,2013-02-12,9.51,9.545,9.495,9.5075,-1
230,230,2013-02-13,9.5175,9.5275,9.5025,9.5175,-1
231,231,2013-02-14,9.53,9.5475,9.46,9.4675,-1
232,232,2013-02-15,9.475,9.48,9.4125,9.4275,-1
233,233,2013-02-18,9.435,9.435,9.415,9.415,-1
234,234,2013-02-19,9.425,9.4525,9.4025,9.41,-1
235,235,2013-02-20,9.445,9.4675,9.3425,9.3775,-1
236,236,2013-02-21,9.32,9.3225,9.2775,9.3025,-1
237,237,2013-02-22,9.315,9.3375,9.275,9.28,-1
238,238,2013-02-25,9.3,9.36,9.2875,9.3,-1
239,239,2013-02-26,9.265,9.3025,9.2475,9.2825,-1
240,240,2013-02-27,9.295,9.3275,9.28,9.3025,-1
241,241,2013-02-28,9.265,9.29,9.245,9.2725,-1
242,242,2013-03-01,9.2525,9.255,9.1675,9.2025,-1
243,243,2013-03-04,9.1875,9.2225,9.18,9.2025,-1
244,244,2013-03-05,9.2675,9.28,9.2475,9.255,-1
245,245,2013-03-06,9.25,9.2525,9.195,9.2,-1
246,246,2013-03-07,9.2025,9.2625,9.1875,9.24,-1
247,247,2013-03-08,9.2775,9.295,9.24,9.2725,-1
248,248,2013-03-11,9.3025,9.31,9.26,9.3025,-1
249,249,2013-03-12,9.2975,9.375,9.29,9.3425,-1
250,250,2013-03-13,9.335,9.3525,9.28,9.295,-1
251,251,2013-03-14,9.31,9.345,9.2825,9.34,-1
252,252,2013-03-15,9.38,9.42,9.3725,9.3775,-1
253,253,2013-03-18,9.3175,9.34,9.29,9.3075,-1
254,254,2013-03-19,9.31,9.34,9.2975,9.315,-1
255,255,2013-03-20,9.325,9.3425,9.29,9.315,-1
256,256,2013-03-21,9.355,9.3775,9.32,9.345,-1
257,257,2013-03-22,9.325,9.37,9.3175,9.3375,-1
258,258,2013-03-25,9.345,9.375,9.335,9.3525,-1
259,259,2013-03-26,9.33,9.36,9.3175,9.345,-1
260,260,2013-03-27,9.3675,9.4175,9.3425,9.4125,-1
261,261,2013-03-28,9.435,9.4575,9.295,9.295,-1
262,262,2013-04-02,9.3075,9.3375,9.1725,9.23,-1
263,263,2013-04-03,9.145,9.1675,9.1125,9.1175,-1
264,264,2013-04-04,9.065,9.065,9.0075,9.0375,-1
265,265,2013-04-05,9.035,9.0675,9.0025,9.0625,-1
266,266,2013-04-08,9.1275,9.155,9.1025,9.1075,-1
267,267,2013-04-09,9.1275,9.14,9.0875,9.1175,-1
268,268,2013-04-10,9.15,9.175,9.13,9.1475,-1
269,269,2013-04-11,9.1225,9.1625,9.11,9.1525,-1
270,270,2013-04-12,9.135,9.1375,9.0075,9.0225,-1
271,271,2013-04-15,8.95,8.9575,8.7825,8.8225,-1
272,272,2013-04-16,8.8,8.85,8.7675,8.8175,-1
273,273,2013-04-17,8.86,8.8725,8.7875,8.8225,-1
274,274,2013-04-18,8.785,8.895,8.77,8.8925,-1
275,275,2013-04-19,8.915,8.925,8.855,8.8775,-1
276,276,2013-04-22,8.8625,8.8975,8.8125,8.8425,-1
277,277,2013-04-23,8.825,8.8325,8.7775,8.8275,-1
278,278,2013-04-24,8.82,8.855,8.81,8.825,-1
279,279,2013-04-25,8.8675,8.9375,8.85,8.93,-1
280,280,2013-04-26,8.945,8.955,8.9075,8.9225,-1
281,281,2013-04-29,8.9575,9.05,8.945,9.035,-1
282,282,2013-04-30,9.095,9.11,9.0225,9.025,-1
283,283,2013-05-02,8.9025,8.955,8.8475,8.8525,-1
284,284,2013-05-03,8.92,9.005,8.91,8.995,-1
285,285,2013-05-06,8.99,9.0,8.95,8.97,-1
286,286,2013-05-07,8.93,8.97,8.89,8.91,-1
287,287,2013-05-08,8.9425,9.0,8.9175,8.96,-1
288,288,2013-05-09,8.945,8.9975,8.9375,8.995,-1
289,289,2013-05-10,8.9925,8.995,8.8775,8.885,-1
290,290,2013-05-13,8.9,8.9375,8.875,8.93,-1
291,291,2013-05-14,8.9375,8.94,8.89,8.915,-1
292,292,2013-05-15,8.88,8.8825,8.825,8.835,-1
293,293,2013-05-16,8.865,8.865,8.82,8.845,-1
294,294,2013-05-17,8.845,8.88,8.835,8.85,-1
295,295,2013-05-20,8.895,8.9375,8.88,8.935,-1
296,296,2013-05-21,8.95,8.95,8.895,8.9125,-1
297,297,2013-05-22,8.96,8.99,8.92,8.9525,-1
298,298,2013-05-23,8.8975,8.92,8.865,8.9075,-1
299,299,2013-05-24,8.955,8.965,8.895,8.915,-1
300,300,2013-05-27,8.915,8.93,8.905,8.93,-1
301,301,2013-05-28,8.9375,8.965,8.915,8.9575,-1
302,302,2013-05-29,8.9125,8.9375,8.8725,8.8825,-1
303,303,2013-05-30,8.905,8.9175,8.855,8.88,-1
304,304,2013-05-31,8.8625,8.8725,8.825,8.835,-1
305,305,2013-06-03,8.85,8.91,8.8375,8.8775,-1
306,306,2013-06-04,8.875,8.9,8.85,8.895,-1
307,307,2013-06-05,8.935,8.9725,8.925,8.95,-1
308,308,2013-06-06,8.905,8.92,8.88,8.8825,-1
309,309,2013-06-07,8.89,8.93,8.8375,8.86,-1
310,310,2013-06-10,8.8375,8.84,8.81,8.825,-1
311,311,2013-06-11,8.7975,8.8025,8.73,8.7675,-1
312,312,2013-06-12,8.7475,8.795,8.7475,8.7825,-1
313,313,2013-06-13,8.7525,8.76,8.73,8.7425,-1
314,314,2013-06-14,8.7825,8.83,8.7825,8.7925,-1
315,315,2013-06-17,8.7975,8.8225,8.78,8.8175,-1
316,316,2013-06-18,8.8175,8.8325,8.8025,8.8275,-1
317,317,2013-06-19,8.8425,8.875,8.8375,8.87,-1
318,318,2013-06-20,8.7725,8.7875,8.635,8.66,-1
319,319,2013-06-21,8.64,8.655,8.595,8.6025,-1
320,320,2013-06-24,8.5075,8.5475,8.5025,8.5025,-1
321,321,2013-06-25,8.54,8.585,8.51,8.5425,-1
322,322,2013-06-26,8.46,8.5025,8.441,8.4575,-1
323,323,2013-06-27,8.505,8.51,8.445,8.46,-1
324,324,2013-06-28,8.455,8.4725,8.4025,8.42,-1
325,325,2013-07-01,8.43,8.465,8.41,8.4525,-1
326,326,2013-07-02,8.4725,8.5,8.4575,8.48,-1
327,327,2013-07-03,8.515,8.5375,8.5,8.5175,-1
328,328,2013-07-04,8.53,8.545,8.5,8.515,-1
329,329,2013-07-05,8.51,8.53,8.44,8.4525,-1
330,330,2013-07-08,8.47,8.5475,8.47,8.54,-1
331,331,2013-07-09,8.5775,8.585,8.525,8.5425,-1
332,332,2013-07-10,8.58,8.6525,8.58,8.63,-1
333,333,2013-07-11,8.71,8.715,8.6325,8.6475,-1
334,334,2013-07-12,8.645,8.675,8.635,8.66,-1
335,335,2013-07-15,8.6575,8.66,8.59,8.6,-1
336,336,2013-07-16,8.66,8.7125,8.65,8.7075,-1
337,337,2013-07-17,8.6625,8.685,8.6425,8.655,-1
338,338,2013-07-18,8.64,8.72,8.6275,8.715,-1
339,339,2013-07-19,8.72,8.745,8.7075,8.725,-1
340,340,2013-07-22,8.745,8.765,8.72,8.7325,-1
341,341,2013-07-23,8.735,8.745,8.705,8.7375,-1
342,342,2013-07-24,8.7275,8.745,8.6925,8.7,-1
343,343,2013-07-25,8.65,8.655,8.57,8.6025,-1
344,344,2013-07-26,8.575,8.59,8.51,8.5225,-1
345,345,2013-07-29,8.485,8.52,8.47,8.4875,-1
346,346,2013-07-30,8.4775,8.485,8.4375,8.44,-1
347,347,2013-07-31,8.455,8.465,8.4125,8.455,-1
348,348,2013-08-01,8.5,8.55,8.4875,8.4975,-1
349,349,2013-08-02,8.47,8.515,8.4625,8.4975,-1
350,350,2013-08-05,8.455,8.47,8.39,8.42,-1
351,351,2013-08-06,8.39,8.43,8.3575,8.365,-1
352,352,2013-08-07,8.355,8.36,8.3125,8.3275,-1
353,353,2013-08-08,8.3725,8.3875,8.3475,8.375,-1
354,354,2013-08-09,8.425,8.47,8.425,8.4675,-1
355,355,2013-08-12,8.485,8.54,8.465,8.535,-1
356,356,2013-08-13,8.585,8.62,8.5375,8.5525,-1
357,357,2013-08-14,8.535,8.5925,8.5275,8.5875,-1
358,358,2013-08-15,8.615,8.66,8.5925,8.6525,-1
359,359,2013-08-16,8.7275,8.73,8.6925,8.725,-1
360,360,2013-08-19,8.75,8.78,8.72,8.76,-1
361,361,2013-08-20,8.7025,8.7475,8.685,8.74,-1
362,362,2013-08-21,8.6825,8.7275,8.67,8.6925,-1
363,363,2013-08-22,8.6825,8.71,8.675,8.685,-1
364,364,2013-08-23,8.69,8.7575,8.68,8.7425,-1
365,365,2013-08-26,8.8425,8.855,8.81,8.8425,-1
366,366,2013-08-27,8.845,8.915,8.8275,8.895,-1
367,367,2013-08-28,8.935,8.94,8.8675,8.885,-1
368,368,2013-08-29,8.8675,8.88,8.8225,8.835,-1
369,369,2013-08-30,8.8125,8.8125,8.775,8.795,-1
370,370,2013-09-02,8.785,8.8125,8.785,8.805,-1
371,371,2013-09-03,8.835,8.87,8.825,8.8475,-1
372,372,2013-09-04,8.82,8.82,8.7425,8.7525,-1
373,373,2013-09-05,8.755,8.775,8.6875,8.71,-1
374,374,2013-09-06,8.74,8.7925,8.735,8.7775,-1
375,375,2013-09-09,8.785,8.795,8.7625,8.77,-1
376,376,2013-09-10,8.725,8.7325,8.665,8.67,-1
377,377,2013-09-11,8.705,8.72,8.67,8.69,-1
378,378,2013-09-12,8.665,8.6875,8.6425,8.675,-1
379,379,2013-09-13,8.7,8.705,8.665,8.6825,-1
380,380,2013-09-16,8.67,8.69,8.63,8.67,-1
381,381,2013-09-17,8.6725,8.685,8.6025,8.6075,-1
382,382,2013-09-18,8.605,8.615,8.5825,8.615,-1
383,383,2013-09-19,8.765,8.7975,8.745,8.7725,-1
384,384,2013-09-20,8.7175,8.72,8.6175,8.635,-1
385,385,2013-09-23,8.595,8.6075,8.5625,8.58,-1
386,386,2013-09-24,8.5675,8.57,8.5,8.5225,-1
387,387,2013-09-25,8.545,8.58,8.5375,8.58,-1
388,388,2013-09-26,8.55,8.575,8.5375,8.555,-1
389,389,2013-09-27,8.57,8.615,8.5675,8.6,-1
390,390,2013-09-30,8.56,8.575,8.535,8.545,-1
391,391,2013-10-01,8.535,8.54,8.445,8.4625,-1
392,392,2013-10-02,8.46,8.5525,8.4475,8.535,-1
393,393,2013-10-03,8.545,8.555,8.5075,8.5175,-1
394,394,2013-10-04,8.52,8.555,8.5075,8.525,-1
395,395,2013-10-07,8.525,8.585,8.515,8.5825,-1
396,396,2013-10-08,8.615,8.6575,8.6075,8.6275,-1
397,397,2013-10-09,8.61,8.62,8.535,8.545,-1
398,398,2013-10-10,8.575,8.625,8.5725,8.6125,-1
399,399,2013-10-11,8.5875,8.595,8.5325,8.56,-1
400,400,2013-10-14,8.615,8.62,8.5775,8.5825,-1
401,401,2013-10-15,8.605,8.6175,8.55,8.585,-1
402,402,2013-10-16,8.5925,8.62,8.57,8.6125,-1
403,403,2013-10-17,8.5975,8.645,8.5875,8.595,-1
404,404,2013-10-18,8.61,8.6475,8.5925,8.6075,-1
405,405,2013-10-21,8.6575,8.6575,8.6025,8.61,-1
406,406,2013-10-22,8.5875,8.635,8.5775,8.6075,-1
407,407,2013-10-23,8.575,8.58,8.54,8.5525,-1
408,408,2013-10-24,8.545,8.5525,8.485,8.525,-1
409,409,2013-10-25,8.5025,8.545,8.495,8.535,-1
410,410,2013-10-28,8.5275,8.55,8.4975,8.5125,-1
411,411,2013-10-29,8.5,8.51,8.4775,8.485,-1
412,412,2013-10-30,8.505,8.5175,8.495,8.5025,-1
413,413,2013-10-31,8.475,8.49,8.4075,8.4125,-1
414,414,2013-11-01,8.41,8.41,8.3175,8.3325,-1
415,415,2013-11-04,8.2875,8.29,8.25,8.26,-1
416,416,2013-11-05,8.25,8.2575,8.225,8.235,-1
417,417,2013-11-06,8.255,8.2775,8.25,8.265,-1
418,418,2013-11-07,8.24,8.2775,8.2225,8.235,-1
419,419,2013-11-08,8.225,8.245,8.1975,8.2275,-1
420,420,2013-11-11,8.27,8.2875,8.255,8.28,-1
421,421,2013-11-12,8.27,8.305,8.2625,8.28,-1
422,422,2013-11-13,8.2525,8.275,8.225,8.2425,-1
423,423,2013-11-14,8.2425,8.25,8.21,8.245,-1
424,424,2013-11-15,8.255,8.27,8.24,8.26,-1
425,425,2013-11-18,8.25,8.265,8.235,8.24,-1
426,426,2013-11-19,8.2,8.215,8.1925,8.2025,-1
427,427,2013-11-20,8.1925,8.205,8.175,8.1925,-1
428,428,2013-11-21,8.1925,8.245,8.19,8.2375,-1
429,429,2013-11-22,8.265,8.3075,8.2575,8.285,-1
430,430,2013-11-25,8.265,8.3,8.2475,8.2725,-1
431,431,2013-11-26,8.31,8.325,8.2775,8.285,-1
432,432,2013-11-27,8.3,8.325,8.2775,8.28,-1
433,433,2013-11-28,8.27,8.29,8.2575,8.29,-1
434,434,2013-11-29,8.2925,8.3475,8.29,8.3375,-1
435,435,2013-12-02,8.32,8.32,8.27,8.28,-1
436,436,2013-12-03,8.295,8.335,8.265,8.33,-1
437,437,2013-12-04,8.335,8.3775,8.3175,8.355,-1
438,438,2013-12-05,8.355,8.38,8.33,8.375,-1
439,439,2013-12-06,8.385,8.43,8.3775,8.4025,-1
440,440,2013-12-09,8.425,8.445,8.42,8.43,-1
441,441,2013-12-10,8.4575,8.505,8.4475,8.475,-1
442,442,2013-12-11,8.48,8.485,8.45,8.4825,-1
443,443,2013-12-12,8.515,8.52,8.4425,8.45,-1
444,444,2013-12-13,8.4425,8.4525,8.425,8.4375,-1
445,445,2013-12-16,8.425,8.4725,8.4125,8.47,-1
446,446,2013-12-17,8.455,8.4575,8.4075,8.43,-1
447,447,2013-12-18,8.445,8.465,8.435,8.45,-1
448,448,2013-12-19,8.4375,8.465,8.41,8.46,-1
449,449,2013-12-20,8.49,8.54,8.485,8.53,-1
450,450,2013-12-23,8.55,8.56,8.53,8.55,-1
451,451,2013-12-27,8.54,8.565,8.525,8.555,-1
452,452,2013-12-30,8.54,8.555,8.5325,8.5325,-1
453,453,2014-01-02,8.4625,8.4625,8.4025,8.4025,-1
454,454,2014-01-03,8.385,8.395,8.335,8.37,-1
455,455,2014-01-06,8.365,8.39,8.3575,8.36,-1
456,456,2014-01-07,8.3775,8.4025,8.365,8.3775,-1
457,457,2014-01-08,8.3575,8.3695,8.3125,8.315,-1
458,458,2014-01-09,8.2625,8.274,8.2175,8.2225,-1
459,459,2014-01-10,8.2075,8.245,8.1925,8.2375,-1
460,460,2014-01-13,8.295,8.3125,8.27,8.305,-1
461,461,2014-01-14,8.34,8.3485,8.3025,8.3125,-1
462,462,2014-01-15,8.3225,8.38,8.3175,8.37,-1
463,463,2014-01-16,8.355,8.405,8.345,8.385,-1
464,464,2014-01-17,8.36,8.3765,8.345,8.37,-1
465,465,2014-01-20,8.345,8.365,8.3385,8.3385,-1
466,466,2014-01-21,8.3425,8.378,8.34,8.3575,-1
467,467,2014-01-22,8.375,8.39,8.3625,8.3875,-1
468,468,2014-01-23,8.4025,8.4865,8.4,8.4525,-1
469,469,2014-01-24,8.44,8.4525,8.42,8.45,-1
470,470,2014-01-27,8.5225,8.525,8.4175,8.4175,-1
471,471,2014-01-28,8.405,8.44,8.3975,8.43,-1
472,472,2014-01-29,8.435,8.485,8.435,8.445,-1
473,473,2014-01-30,8.4925,8.5025,8.445,8.48,-1
474,474,2014-01-31,8.4275,8.437000000000001,8.39,8.405,-1
475,475,2014-02-03,8.41,8.4575,8.3975,8.445,-1
476,476,2014-02-04,8.475,8.555,8.4525,8.5475,-1
477,477,2014-02-05,8.59,8.68,8.555,8.57,-1
478,478,2014-02-06,8.605,8.66,8.5775,8.6,-1
479,479,2014-02-07,8.565,8.605,8.5225,8.6,-1
480,480,2014-02-10,8.575,8.6,8.56,8.565,-1
481,481,2014-02-11,8.555,8.595,8.545,8.58,-1
482,482,2014-02-12,8.635,8.677999999999999,8.62,8.6675,-1
483,483,2014-02-13,8.6425,8.665,8.615,8.665,-1
484,484,2014-02-14,8.71,8.735,8.705,8.725,-1
485,485,2014-02-17,8.77,8.7855,8.765,8.7725,-1
486,486,2014-02-18,8.7675,8.847999999999997,8.7625,8.846,-1
487,487,2014-02-19,8.88,8.92,8.87,8.915,-1
488,488,2014-02-20,8.9,8.92,8.845,8.8925,-1
489,489,2014-02-21,8.9125,8.94,8.8925,8.895,-1
490,490,2014-02-24,8.945,8.982999999999997,8.9225,8.97,-1
491,491,2014-02-25,8.925,8.9525,8.89,8.9425,-1
492,492,2014-02-26,8.94,8.9515,8.8975,8.905,-1
493,493,2014-02-27,8.89,8.9425,8.8775,8.94,-1
494,494,2014-02-28,8.89,8.92,8.865,8.9175,-1
495,495,2014-03-03,9.0475,9.0675,9.02,9.05,-1
496,496,2014-03-04,9.0125,9.05,8.9825,9.0325,-1
497,497,2014-03-05,9.08,9.0875,9.03,9.0575,-1
498,498,2014-03-06,9.05,9.1075,9.0375,9.09,-1
499,499,2014-03-07,9.1325,9.1525,9.0775,9.09,-1
500,500,2014-03-10,9.0175,9.084,9.003,9.06,-1
501,501,2014-03-11,9.07,9.075,9.0,9.02,-1
502,502,2014-03-12,9.005,9.025,8.945,9.01,-1
503,503,2014-03-13,9.03,9.032,8.9775,8.9825,-1
504,504,2014-03-14,8.9625,9.0125,8.9525,8.975,-1
505,505,2014-03-17,8.9925,9.0,8.96,8.97,-1
506,506,2014-03-18,8.945,8.99,8.93,8.985,-1
507,507,2014-03-19,9.005,9.0075,8.935,8.9775,-1
508,508,2014-03-20,8.9625,8.9675,8.875,8.88,-1
509,509,2014-03-21,8.885,8.9055,8.875,8.88,-1
510,510,2014-03-24,8.8775,8.895,8.8675,8.88,-1
511,511,2014-03-25,8.8825,8.9425,8.88,8.9175,-1
512,512,2014-03-26,8.9175,8.9375,8.88,8.8925,-1
513,513,2014-03-27,8.8875,8.98,8.885,8.95,-1
514,514,2014-03-28,8.99,9.0175,8.96,8.995,-1
515,515,2014-03-31,8.9725,8.995,8.9,8.9,-1
516,516,2014-04-01,8.9675,8.9975,8.9475,8.9675,-1
517,517,2014-04-02,8.9275,8.9625,8.895,8.9025,-1
518,518,2014-04-03,8.8925,8.9225,8.88,8.9175,-1
519,519,2014-04-04,8.9675,8.995,8.9625,8.9675,-1
520,520,2014-04-07,8.9805,9.015,8.97,8.985,-1
521,521,2014-04-08,9.0125,9.0375,8.995,9.0375,-1
522,522,2014-04-09,9.0775,9.095,9.0425,9.085,-1
523,523,2014-04-10,9.0975,9.1525,9.0975,9.12,-1
524,524,2014-04-11,9.1325,9.1415,9.1025,9.12,-1
525,525,2014-04-14,9.14,9.1605,9.1025,9.1475,-1
526,526,2014-04-15,9.1225,9.1275,9.06,9.1275,-1
527,527,2014-04-16,9.1175,9.19,9.1125,9.155,-1
528,528,2014-04-17,9.1575,9.17,9.115,9.1625,-1
529,529,2014-04-22,9.1425,9.185,9.135,9.14,-1
530,530,2014-04-23,9.1575,9.195,9.1475,9.17,-1
531,531,2014-04-24,9.1975,9.2275,9.17,9.215,-1
532,532,2014-04-25,9.2025,9.2275,9.1875,9.1975,-1
533,533,2014-04-28,9.2325,9.246,9.1725,9.18,-1
534,534,2014-04-29,9.1825,9.2175,9.175,9.215,-1
535,535,2014-04-30,9.2125,9.2165,9.1325,9.155,-1
536,536,2014-05-02,9.0825,9.1285,9.075,9.1125,-1
537,537,2014-05-05,9.125,9.1375,9.105,9.134,-1
538,538,2014-05-06,9.1375,9.14,9.1075,9.1375,-1
539,539,2014-05-07,9.1325,9.1525,9.0925,9.11,-1
540,540,2014-05-08,9.1125,9.12,9.0675,9.0775,-1
541,541,2014-05-09,9.0975,9.1165,9.05,9.0625,-1
542,542,2014-05-12,9.045,9.1,9.045,9.065,-1
543,543,2014-05-13,9.0625,9.1195,9.055,9.08,-1
544,544,2014-05-14,9.0925,9.1225,9.0825,9.09,-1
545,545,2014-05-15,9.0825,9.0895,9.0375,9.0625,-1
546,546,2014-05-16,9.0475,9.0525,9.0125,9.0275,-1
547,547,2014-05-19,9.04,9.06,9.03,9.0375,-1
548,548,2014-05-20,9.0475,9.0595,9.015,9.04,-1
549,549,2014-05-21,9.0275,9.055,9.0075,9.03,-1
550,550,2014-05-22,9.0625,9.1275,9.0375,9.0425,-1
551,551,2014-05-23,9.0425,9.068,9.0375,9.04,-1
552,552,2014-05-26,9.04,9.0465,9.03,9.035,-1
553,553,2014-05-27,9.01,9.0205,8.975,8.985,-1
554,554,2014-05-28,8.9875,9.002,8.94,8.95,-1
555,555,2014-05-29,8.9675,8.99,8.9475,8.985,-1
556,556,2014-05-30,8.9875,8.9875,8.915,8.92,-1
557,557,2014-06-02,8.92,8.9375,8.9025,8.9175,-1
558,558,2014-06-03,8.9225,8.9225,8.895,8.9125,-1
559,559,2014-06-04,8.8875,8.9025,8.88,8.8875,-1
560,560,2014-06-05,8.8725,8.884,8.8475,8.8745,-1
561,561,2014-06-06,8.8775,8.895,8.86,8.8925,-1
562,562,2014-06-09,8.91,8.9235,8.9,8.9125,-1
563,563,2014-06-10,8.895,8.925,8.8825,8.8875,-1
564,564,2014-06-11,8.8825,8.895,8.8625,8.8825,-1
565,565,2014-06-12,8.8525,8.9075,8.8525,8.9,-1
566,566,2014-06-13,8.97,9.07,8.95,8.9775,-1
567,567,2014-06-16,9.0025,9.01,8.965,8.98,-1
568,568,2014-06-17,8.9525,8.9625,8.93,8.96,-1
569,569,2014-06-18,8.9675,8.9925,8.9575,8.975,-1
570,570,2014-06-19,8.99,9.0525,8.9875,9.0525,-1
571,571,2014-06-20,9.0725,9.09,9.0575,9.0725,-1
572,572,2014-06-23,9.1225,9.1315,9.05,9.0525,-1
573,573,2014-06-24,9.0325,9.07,9.0325,9.0625,-1
574,574,2014-06-25,9.16,9.2275,9.0575,9.07,-1
575,575,2014-06-26,9.0975,9.2425,9.0575,9.06,-1
576,576,2014-06-27,9.065,9.2275,9.045,9.055,-1
577,577,2014-06-30,9.01,9.1875,8.991,9.0225,-1
578,578,2014-07-01,8.9525,8.9525,8.9075,8.91,-1
579,579,2014-07-02,8.9275,8.935,8.905,8.93,-1
580,580,2014-07-03,8.9475,8.96,8.9075,8.915,-1
581,581,2014-07-04,8.92,8.92,8.895,8.8975,-1
582,582,2014-07-07,8.8775,8.8825,8.83,8.83,-1
583,583,2014-07-08,8.83,8.855,8.8,8.8,-1
584,584,2014-07-09,8.8075,8.82,8.7675,8.775,-1
585,585,2014-07-10,8.7525,8.78,8.715,8.72,-1
586,586,2014-07-11,8.7275,8.735,8.665,8.675,-1
587,587,2014-07-14,8.625,8.7755,8.6175,8.63,-1
588,588,2014-07-15,8.64,8.66,8.5775,8.585,-1
589,589,2014-07-16,8.6325,8.6725,8.63,8.6425,-1
590,590,2014-07-17,8.6175,8.7625,8.6,8.62,-1
591,591,2014-07-18,8.6325,8.7675,8.595,8.5975,-1
592,592,2014-07-21,8.555,8.649,8.555,8.585,-1
593,593,2014-07-22,8.6025,8.66,8.575,8.58,-1
594,594,2014-07-23,8.5575,8.685,8.55,8.57,-1
595,595,2014-07-24,8.6025,8.7525,8.575,8.5825,-1
596,596,2014-07-25,8.595,8.7,8.545,8.575,-1
597,597,2014-07-28,8.61,8.6775,8.58,8.585,-1
598,598,2014-07-29,8.5925,8.6625,8.5325,8.54,-1
599,599,2014-07-30,8.54,8.57,8.53,8.55,-1
600,600,2014-07-31,8.52,8.6475,8.51,8.52,-1
601,601,2014-08-01,8.5,8.515,8.4575,8.48,-1
602,602,2014-08-04,8.465,8.64,8.455,8.4825,-1
603,603,2014-08-05,8.485,8.625,8.445,8.445,-1
604,604,2014-08-06,8.455,8.62,8.4375,8.505,-1
605,605,2014-08-07,8.51,8.645,8.475,8.485,-1
606,606,2014-08-08,8.495,8.625,8.45,8.45,-1
607,607,2014-08-11,8.45,8.5,8.45,8.475,-1
608,608,2014-08-12,8.4575,8.505,8.4325,8.435,-1
609,609,2014-08-13,8.4075,8.55,8.37,8.38,-1
610,610,2014-08-14,8.3625,8.5,8.3475,8.355,-1
611,611,2014-08-15,8.335,8.4625,8.3125,8.34,-1
612,612,2014-08-18,8.3175,8.454,8.3025,8.31,-1
613,613,2014-08-19,8.3125,8.45,8.29,8.295,-1
614,614,2014-08-20,8.295,8.4325,8.29,8.3,-1
615,615,2014-08-21,8.3,8.3425,8.29,8.315,-1
616,616,2014-08-22,8.3525,8.36,8.325,8.345,-1
617,617,2014-08-25,8.32,8.4825,8.275,8.325,-1
618,618,2014-08-26,8.3375,8.4675,8.3325,8.34,-1
619,619,2014-08-27,8.365,8.3925,8.355,8.375,-1
620,620,2014-08-28,8.3675,8.4105,8.3675,8.38,-1
621,621,2014-08-29,8.4,8.4225,8.38,8.4105,-1
622,622,2014-09-01,8.3875,8.4025,8.37,8.3925,-1
623,623,2014-09-02,8.375,8.387,8.34,8.3425,-1
624,624,2014-09-03,8.325,8.3345,8.28,8.285,-1
625,625,2014-09-04,8.305,8.34,8.28,8.2875,-1
626,626,2014-09-05,8.3025,8.31,8.2625,8.2675,-1
627,627,2014-09-08,8.2975,8.3,8.23,8.255,-1
628,628,2014-09-09,8.225,8.24,8.2,8.2,-1
629,629,2014-09-10,8.1925,8.1925,8.145,8.145,-1
630,630,2014-09-11,8.1125,8.1125,8.06,8.065,-1
631,631,2014-09-12,8.09,8.0925,8.025,8.03,-1
632,632,2014-09-15,8.02,8.06,7.875,8.035,-1
633,633,2014-09-16,8.0475,8.0725,8.03,8.05,-1
634,634,2014-09-17,8.1025,8.115,8.075,8.0825,-1
635,635,2014-09-18,8.055,8.0775,8.0125,8.0125,-1
636,636,2014-09-19,7.9725,7.9925,7.915,7.925,-1
637,637,2014-09-22,7.8675,7.8875,7.795,7.84,-1
638,638,2014-09-23,7.87,7.915,7.86,7.8825,-1
639,639,2014-09-24,7.8725,7.895,7.85,7.88,-1
640,640,2014-09-25,7.905,7.915,7.8575,7.875,-1
641,641,2014-09-26,7.8975,7.915,7.87,7.895,-1
642,642,2014-09-29,7.885,7.93,7.765,7.925,-1
643,643,2014-09-30,7.975,7.99,7.9175,7.9175,-1
644,644,2014-10-01,7.86,7.9025,7.845,7.895,-1
645,645,2014-10-02,7.8525,7.8525,7.805,7.8075,-1
646,646,2014-10-06,7.8275,7.89,7.815,7.88,-1
647,647,2014-10-07,7.9275,7.96,7.895,7.95,-1
648,648,2014-10-08,7.9,7.915,7.865,7.865,-1
649,649,2014-10-09,7.9125,7.935,7.9,7.915,-1
650,650,2014-10-10,7.8175,7.845,7.8025,7.84,-1
651,651,2014-10-13,7.82,7.85,7.81,7.85,-1
652,652,2014-10-14,7.8925,7.9,7.84,7.85,-1
653,653,2014-10-15,7.8275,7.8275,7.765,7.77,-1
654,654,2014-10-16,7.725,7.75,7.695,7.745,-1
655,655,2014-10-17,7.775,7.8,7.7625,7.775,-1
656,656,2014-10-20,7.7625,7.78,7.695,7.705,-1
657,657,2014-10-21,7.7275,7.77,7.715,7.745,-1
658,658,2014-10-22,7.775,7.815,7.7625,7.785,-1
659,659,2014-10-23,7.7175,7.7625,7.705,7.755,-1
660,660,2014-10-24,7.76,7.7625,7.71,7.7225,-1
661,661,2014-10-27,7.7,7.7225,7.66,7.715,-1
662,662,2014-10-28,7.7575,7.7925,7.75,7.785,-1
663,663,2014-10-29,7.81,7.8825,7.8075,7.875,-1
664,664,2014-10-30,7.8375,7.85,7.79,7.81,-1
665,665,2014-10-31,7.7875,7.8025,7.725,7.75,-1
666,666,2014-11-03,7.7925,7.83,7.7775,7.79,-1
667,667,2014-11-04,7.7425,7.7525,7.6925,7.705,-1
668,668,2014-11-05,7.6575,7.705,7.51,7.675,-1
669,669,2014-11-06,7.685,7.6975,7.665,7.695,-1
670,670,2014-11-07,7.7325,7.7975,7.7325,7.7875,-1
671,671,2014-11-10,7.8075,7.8325,7.77,7.77,-1
672,672,2014-11-11,7.675,7.725,7.6525,7.725,-1
673,673,2014-11-12,7.765,7.825,7.755,7.78,-1
674,674,2014-11-13,7.7475,7.765,7.7275,7.73,-1
675,675,2014-11-14,7.6325,7.7275,7.6325,7.69,-1
676,676,2014-11-17,7.7325,7.7425,7.7125,7.72,-1
677,677,2014-11-18,7.77,7.7875,7.71,7.715,-1
678,678,2014-11-19,7.705,7.785,7.7025,7.7525,-1
679,679,2014-11-20,7.735,7.795,7.73,7.75,-1
680,680,2014-11-21,7.7925,7.855,7.66,7.84,-1
681,681,2014-11-24,7.7575,7.795,7.7425,7.785,-1
682,682,2014-11-25,7.7525,7.8,7.745,7.745,-1
683,683,2014-11-26,7.7725,7.8,7.765,7.79,-1
684,684,2014-11-27,7.73,7.73,7.625,7.625,-1
685,685,2014-11-28,7.6075,7.62,7.5625,7.5625,-1
686,686,2014-12-01,7.345,7.515,7.345,7.5,-1
687,687,2014-12-02,7.545,7.55,7.4675,7.48,-1
688,688,2014-12-03,7.4425,7.45,7.3925,7.42,-1
689,689,2014-12-04,7.4225,7.43,7.39,7.4125,-1
690,690,2014-12-05,7.405,7.41,7.37,7.4,-1
691,691,2014-12-08,7.3825,7.3925,7.35,7.35,-1
692,692,2014-12-09,7.3175,7.405,7.3125,7.395,-1
693,693,2014-12-10,7.375,7.3875,7.32,7.3325,-1
694,694,2014-12-11,7.3325,7.365,7.2975,7.33,-1
695,695,2014-12-12,7.3025,7.34,7.295,7.325,-1
696,696,2014-12-15,7.345,7.3625,7.28,7.2825,-1
697,697,2014-12-16,7.2125,7.2225,7.0275,7.18,-1
698,698,2014-12-17,7.1325,7.1525,7.105,7.145,-1
699,699,2014-12-18,7.1775,7.275,7.165,7.1775,-1
700,700,2014-12-19,7.17,7.1925,7.145,7.165,-1
701,701,2014-12-22,7.1675,7.1825,7.1,7.1,-1
702,702,2014-12-23,7.08,7.1,7.0475,7.085,-1
703,703,2014-12-29,7.0475,7.065,7.0125,7.015,-1
704,704,2014-12-30,6.9925,7.01,6.985,6.99,-1
705,705,2015-01-02,6.8975,6.905,6.845,6.875,-1
706,706,2015-01-05,6.8825,6.8875,6.845,6.85,-1
707,707,2015-01-06,6.8475,6.8925,6.82,6.8475,-1
708,708,2015-01-07,6.8425,6.8875,6.83,6.8375,-1
709,709,2015-01-08,6.8225,6.8625,6.8125,6.83,-1
710,710,2015-01-09,6.845,6.86,6.8125,6.8175,-1
711,711,2015-01-12,6.8125,6.82,6.74,6.7625,-1
712,712,2015-01-13,6.7,6.725,6.675,6.695,-1
713,713,2015-01-14,6.61,6.7075,6.59,6.6725,-1
714,714,2015-01-15,6.7625,6.9025,6.7375,6.7575,-1
715,715,2015-01-16,6.7025,6.805,6.6975,6.7675,-1
716,716,2015-01-19,6.76,6.77,6.74,6.74,-1
717,717,2015-01-20,6.7175,6.76,6.6825,6.7,-1
718,718,2015-01-21,6.745,6.77,6.7225,6.7275,-1
719,719,2015-01-22,6.7525,6.7975,6.685,6.7025,-1
720,720,2015-01-23,6.72,6.7325,6.665,6.6725,-1
721,721,2015-01-26,6.615,6.675,6.585,6.6525,-1
722,722,2015-01-27,6.63,6.665,6.6225,6.6525,-1
723,723,2015-01-28,6.6475,6.6575,6.605,6.6375,-1
724,724,2015-01-29,6.5825,6.6,6.485,6.4875,-1
725,725,2015-01-30,6.5075,6.54,6.4925,6.5175,-1
726,726,2015-02-02,6.6,6.715,6.58,6.65,-1
727,727,2015-02-03,6.7275,6.795,6.715,6.76,-1
728,728,2015-02-04,6.825,6.8275,6.7375,6.7575,-1
729,729,2015-02-05,6.6625,6.7675,6.66,6.755,-1
730,730,2015-02-06,6.775,6.83,6.735,6.7425,-1
731,731,2015-02-09,6.785,6.8,6.775,6.7975,-1
732,732,2015-02-10,6.805,6.8175,6.745,6.755,-1
733,733,2015-02-11,6.74,6.765,6.66,6.7,-1
734,734,2015-02-12,6.7175,6.7825,6.7125,6.7375,-1
735,735,2015-02-13,6.8225,6.865,6.795,6.855,-1
736,736,2015-02-16,6.8825,6.9,6.8675,6.89,-1
737,737,2015-02-17,6.875,6.89,6.7625,6.77,-1
738,738,2015-02-18,6.8375,6.8375,6.785,6.79,-1
739,739,2015-02-19,6.765,6.775,6.71,6.765,-1
740,740,2015-02-20,6.8,6.825,6.77,6.785,-1
741,741,2015-02-23,6.7725,6.7725,6.695,6.72,-1
742,742,2015-02-24,6.675,6.7875,6.66,6.7525,-1
743,743,2015-02-25,6.7125,6.7325,6.6975,6.725,-1
744,744,2015-02-26,6.78,6.8425,6.725,6.73,-1
745,745,2015-02-27,6.7475,6.875,6.73,6.765,-1
746,746,2015-03-02,6.7975,6.8025,6.7525,6.7575,-1
747,747,2015-03-03,6.71,6.8325,6.6825,6.6975,-1
748,748,2015-03-04,6.705,6.72,6.65,6.67,-1
749,749,2015-03-05,6.7125,6.74,6.7025,6.7175,-1
750,750,2015-03-06,6.69,6.7075,6.6275,6.6375,-1
751,751,2015-03-09,6.6225,6.755,6.5925,6.6225,-1
752,752,2015-03-10,6.57,6.58,6.52,6.5225,-1
753,753,2015-03-11,6.5325,6.605,6.4875,6.52,-1
754,754,2015-03-12,6.57,6.5875,6.5125,6.5175,-1
755,755,2015-03-13,6.5,6.5075,6.415,6.4175,-1
756,756,2015-03-16,6.4125,6.425,6.335,6.37,-1
757,757,2015-03-17,6.395,6.4025,6.3325,6.3525,-1
758,758,2015-03-18,6.3525,6.3675,6.3175,6.3675,-1
759,759,2015-03-19,6.455,6.475,6.4125,6.425,-1
760,760,2015-03-20,6.435,6.55,6.43,6.535,-1
761,761,2015-03-23,6.51,6.5825,6.5,6.555,-1
762,762,2015-03-24,6.555,6.605,6.545,6.5625,-1
763,763,2015-03-25,6.5375,6.5875,6.53,6.5675,-1
764,764,2015-03-26,6.71,6.715,6.59,6.6175,-1
765,765,2015-03-27,6.585,6.6,6.5375,6.555,-1
766,766,2015-03-30,6.4975,6.535,6.475,6.5,-1
767,767,2015-03-31,6.475,6.52,6.455,6.5,-1
768,768,2015-04-01,6.4475,6.52,6.43,6.515,-1
769,769,2015-04-02,6.53,6.5525,6.485,6.515,-1
770,770,2015-04-07,6.6125,6.655,6.5825,6.6325,-1
771,771,2015-04-08,6.61,6.62,6.5375,6.55,-1
772,772,2015-04-09,6.5125,6.55,6.455,6.48,-1
773,773,2015-04-10,6.485,6.5475,6.47,6.52,-1
774,774,2015-04-13,6.515,6.5835,6.5075,6.515,-1
775,775,2015-04-14,6.4975,6.545,6.48,6.525,-1
776,776,2015-04-15,6.5575,6.605,6.54,6.6,-1
777,777,2015-04-16,6.645,6.6625,6.635,6.6475,-1
778,778,2015-04-17,6.69,6.72,6.6825,6.7,-1
779,779,2015-04-20,6.69,6.7575,6.61,6.64,-1
780,780,2015-04-21,6.615,6.64,6.6025,6.615,-1
781,781,2015-04-22,6.585,6.62,6.57,6.605,-1
782,782,2015-04-23,6.5875,6.675,6.565,6.6725,-1
783,783,2015-04-24,6.6625,6.69,6.6275,6.655,-1
784,784,2015-04-27,6.65,6.7725,6.64,6.675,-1
785,785,2015-04-28,6.6375,6.7075,6.635,6.685,-1
786,786,2015-04-29,6.66,6.74,6.65,6.735,-1
787,787,2015-04-30,6.74,6.7875,6.71,6.7675,-1
788,788,2015-05-04,6.78,6.9275,6.6575,6.79,-1
789,789,2015-05-05,6.78,6.87,6.7725,6.8525,-1
790,790,2015-05-06,6.88,6.925,6.865,6.8675,-1
791,791,2015-05-07,6.8275,6.85,6.76,6.7675,-1
792,792,2015-05-08,6.7475,6.81,6.745,6.795,-1
793,793,2015-05-11,6.8225,6.8275,6.755,6.7575,-1
794,794,2015-05-12,6.765,6.8475,6.7625,6.8425,-1
795,795,2015-05-13,6.8675,6.8975,6.8475,6.87,-1
796,796,2015-05-14,6.865,6.9075,6.85,6.8925,-1
797,797,2015-05-15,6.895,6.9025,6.835,6.875,-1
798,798,2015-05-18,6.92,6.9325,6.865,6.875,-1
799,799,2015-05-19,6.8375,6.935,6.7425,6.745,-1
800,800,2015-05-20,6.7325,6.7575,6.7275,6.7375,-1
801,801,2015-05-21,6.76,6.81,6.75,6.8025,-1
802,802,2015-05-22,6.79,6.8,6.71,6.72,-1
803,803,2015-05-26,6.685,6.7,6.5925,6.5975,-1
804,804,2015-05-28,6.55,6.5775,6.5025,6.535,-1
805,805,2015-05-29,6.56,6.6025,6.54,6.585,-1
806,806,2015-06-01,6.575,6.6275,6.56,6.5875,-1
807,807,2015-06-02,6.6225,6.6575,6.61,6.6375,-1
808,808,2015-06-03,6.6475,6.6575,6.6025,6.6425,-1
809,809,2015-06-04,6.585,6.6025,6.5325,6.5475,-1
810,810,2015-06-05,6.5225,6.56,6.405,6.525,-1
811,811,2015-06-08,6.56,6.665,6.44,6.565,-1
812,812,2015-06-09,6.5825,6.6825,6.4775,6.6625,-1
813,813,2015-06-10,6.6925,6.76,6.575,6.7075,-1
814,814,2015-06-11,6.6825,6.83,6.565,6.625,-1
815,815,2015-06-12,6.5975,6.6125,6.57,6.59,-1
816,816,2015-06-15,6.56,6.565,6.5075,6.54,-1
817,817,2015-06-16,6.57,6.58,6.4725,6.5325,-1
818,818,2015-06-17,6.575,6.7025,6.51,6.5725,-1
819,819,2015-06-18,6.5575,6.735,6.4825,6.5925,-1
820,820,2015-06-19,6.73,6.73,6.3925,6.4925,-1
821,821,2015-06-22,6.51,6.52,6.47,6.495,-1
822,822,2015-06-23,6.5425,6.5875,6.5175,6.56,-1
823,823,2015-06-24,6.5725,6.6725,6.5635,6.575,-1
824,824,2015-06-25,6.5525,6.685,6.4385,6.5575,-1
825,825,2015-06-26,6.5775,6.69,6.4965,6.5975,-1
826,826,2015-06-29,6.57,6.615,6.5375,6.58,-1
827,827,2015-06-30,6.55,6.5825,6.5425,6.575,-1
828,828,2015-07-01,6.6575,6.6875,6.6325,6.6525,-1
829,829,2015-07-02,6.64,6.69,6.625,6.675,-1
830,830,2015-07-03,6.6475,6.6525,6.59,6.59,-1
831,831,2015-07-06,6.515,6.525,6.47,6.4975,-1
832,832,2015-07-07,6.45,6.4675,6.285,6.31,-1
833,833,2015-07-08,6.3225,6.4425,6.3225,6.39,-1
834,834,2015-07-09,6.425,6.4725,6.336,6.4475,-1
835,835,2015-07-10,6.485,6.49,6.45,6.4575,-1
836,836,2015-07-13,6.44,6.4975,6.32,6.4925,-1
837,837,2015-07-14,6.46,6.505,6.44,6.465,-1
838,838,2015-07-15,6.4775,6.4825,6.4225,6.43,-1
839,839,2015-07-16,6.4325,6.45,6.4075,6.415,-1
840,840,2015-07-17,6.3825,6.48,6.2425,6.3425,-1
841,841,2015-07-20,6.3125,6.455,6.17,6.295,-1
842,842,2015-07-21,6.275,6.3175,6.255,6.28,-1
843,843,2015-07-22,6.2375,6.3775,6.1975,6.24,-1
844,844,2015-07-23,6.2125,6.24,6.17,6.1775,-1
845,845,2015-07-24,6.135,6.1425,6.07,6.09,-1
846,846,2015-07-27,6.0525,6.1425,6.0125,6.03,-1
847,847,2015-07-28,6.0,6.17,5.9825,6.0625,-1
848,848,2015-07-29,6.05,6.1675,5.95,6.085,-1
849,849,2015-07-30,6.055,6.0825,5.9675,6.065,-1
850,850,2015-07-31,6.015,6.0625,6.0,6.0225,-1
851,851,2015-08-03,5.95,6.075,5.895,5.905,-1
852,852,2015-08-04,5.9225,5.96,5.9225,5.9425,-1
853,853,2015-08-05,5.95,6.09,5.92,5.94,-1
854,854,2015-08-06,5.9025,5.9075,5.87,5.88,-1
855,855,2015-08-07,5.9025,5.9125,5.8625,5.89,-1
856,856,2015-08-10,5.915,6.015,5.9075,5.9975,-1
857,857,2015-08-11,5.9775,6.0275,5.905,5.9175,-1
858,858,2015-08-12,5.9075,6.0325,5.905,5.9675,-1
859,859,2015-08-13,5.925,6.0075,5.87,5.88,-1
860,860,2015-08-14,5.885,5.9175,5.7525,5.88,-1
861,861,2015-08-17,5.8675,6.0025,5.8425,5.86,-1
862,862,2015-08-18,5.8275,5.9075,5.775,5.8,-1
863,863,2015-08-19,5.8125,5.9525,5.765,5.765,-1
864,864,2015-08-20,5.7625,5.8175,5.7425,5.8125,-1
865,865,2015-08-21,5.7825,5.785,5.705,5.715,-1
866,866,2015-08-24,5.6225,5.6475,5.5475,5.595,-1
867,867,2015-08-25,5.5975,5.74,5.5975,5.625,-1
868,868,2015-08-26,5.605,5.7275,5.54,5.565,-1
869,869,2015-08-27,5.605,5.795,5.53,5.6875,-1
870,870,2015-08-28,5.7375,5.835,5.6325,5.8075,-1
871,871,2015-08-31,5.78,5.7975,5.715,5.7975,-1
872,872,2015-09-01,5.8525,5.9825,5.72,5.7975,-1
873,873,2015-09-02,5.76,5.8125,5.6075,5.7275,-1
874,874,2015-09-03,5.7875,5.875,5.715,5.8475,-1
875,875,2015-09-04,5.7925,5.8825,5.7625,5.775,-1
876,876,2015-09-07,5.765,5.7675,5.7075,5.7075,-1
877,877,2015-09-08,5.745,5.8225,5.705,5.815,-1
878,878,2015-09-09,5.815,5.835,5.77,5.7725,-1
879,879,2015-09-10,5.7525,5.89,5.745,5.7975,-1
880,880,2015-09-11,5.7775,5.92,5.7075,5.7425,-1
881,881,2015-09-14,5.79,5.93,5.745,5.76,-1
882,882,2015-09-15,5.7675,5.775,5.63,5.7575,-1
883,883,2015-09-16,5.7825,5.845,5.7625,5.835,-1
884,884,2015-09-17,5.8175,5.955,5.78,5.7975,-1
885,885,2015-09-18,5.78,5.8325,5.7275,5.735,-1
886,886,2015-09-21,5.7275,5.865,5.64,5.7425,-1
887,887,2015-09-22,5.7325,5.865,5.665,5.6775,-1
888,888,2015-09-23,5.7225,5.885,5.6525,5.73,-1
889,889,2015-09-24,5.685,5.7075,5.65,5.69,-1
890,890,2015-09-25,5.715,5.86,5.7125,5.7375,-1
891,891,2015-09-28,5.7375,5.7525,5.6825,5.6825,-1
892,892,2015-09-29,5.6675,5.76,5.535,5.71,-1
893,893,2015-09-30,5.6925,5.755,5.69,5.7175,-1
894,894,2015-10-01,5.73,5.7725,5.7025,5.72,-1
895,895,2015-10-02,5.6825,5.76,5.545,5.67,-1
896,896,2015-10-05,5.74,5.8025,5.7325,5.7875,-1
897,897,2015-10-06,5.7625,5.8975,5.7475,5.87,-1
898,898,2015-10-07,5.89,6.055,5.8625,5.8675,-1
899,899,2015-10-08,5.84,5.8625,5.815,5.86,-1
900,900,2015-10-09,5.9125,5.9775,5.9,5.925,-1
901,901,2015-10-12,5.9525,5.97,5.8925,5.8975,-1
902,902,2015-10-13,5.86,5.8875,5.8225,5.8675,-1
903,903,2015-10-14,5.8425,5.8725,5.825,5.8475,-1
904,904,2015-10-15,5.8625,5.8725,5.8125,5.815,-1
905,905,2015-10-16,5.835,5.9725,5.6975,5.81,-1
906,906,2015-10-19,5.8125,5.9125,5.7575,5.7625,-1
907,907,2015-10-20,5.76,5.79,5.6075,5.7625,-1
908,908,2015-10-21,5.75,5.875,5.7025,5.7325,-1
909,909,2015-10-22,5.7475,5.885,5.725,5.73,-1
910,910,2015-10-23,5.7475,5.85,5.6675,5.6725,-1
911,911,2015-10-26,5.675,5.6875,5.65,5.665,-1
912,912,2015-10-27,5.6425,5.7825,5.6125,5.6325,-1
913,913,2015-10-28,5.6175,5.7025,5.5325,5.695,-1
914,914,2015-10-29,5.6575,5.7975,5.6425,5.67,-1
915,915,2015-10-30,5.6275,5.665,5.6125,5.66,-1
916,916,2015-11-02,5.66,5.685,5.62,5.625,-1
917,917,2015-11-03,5.6425,5.7375,5.6325,5.685,-1
918,918,2015-11-04,5.6975,5.725,5.5625,5.6275,-1
919,919,2015-11-05,5.6075,5.68,5.4575,5.5925,-1
920,920,2015-11-06,5.58,5.64,5.465,5.525,-1
921,921,2015-11-09,5.54,5.5975,5.475,5.48,-1
922,922,2015-11-10,5.47,5.5975,5.4025,5.4675,-1
923,923,2015-11-11,5.45,5.5975,5.3425,5.4325,-1
924,924,2015-11-12,5.43,5.445,5.3625,5.375,-1
925,925,2015-11-13,5.385,5.4025,5.335,5.3575,-1
926,926,2015-11-16,5.36,5.47,5.1875,5.3,-1
927,927,2015-11-17,5.325,5.39,5.2575,5.325,-1
928,928,2015-11-18,5.3225,5.3775,5.185,5.2775,-1
929,929,2015-11-19,5.295,5.37,5.24,5.325,-1
930,930,2015-11-20,5.2975,5.3575,5.155,5.305,-1
931,931,2015-11-23,5.2175,5.29,5.1075,5.28,-1
932,932,2015-11-24,5.295,5.445,5.1625,5.335,-1
933,933,2015-11-25,5.325,5.3575,5.1625,5.32,-1
934,934,2015-11-26,5.335,5.3425,5.315,5.325,-1
935,935,2015-11-27,5.3025,5.3125,5.2675,5.275,-1
936,936,2015-11-30,5.255,5.415,5.12,5.28,-1
937,937,2015-12-01,5.2775,5.42,5.26,5.2825,-1
938,938,2015-12-02,5.295,5.3,5.2375,5.24,-1
939,939,2015-12-03,5.2125,5.275,5.15,5.24,-1
940,940,2015-12-04,5.2675,5.31,5.1525,5.2875,-1
941,941,2015-12-07,5.28,5.335,5.115,5.1825,-1
942,942,2015-12-08,5.1475,5.1725,5.0875,5.15,-1
943,943,2015-12-09,5.1425,5.195,5.0075,5.1525,-1
944,944,2015-12-10,5.135,5.1875,4.9875,5.125,-1
945,945,2015-12-11,5.1325,5.188,4.9675,5.0825,-1
946,946,2015-12-14,5.0625,5.155,4.8825,5.035,-1
947,947,2015-12-15,5.025,5.0675,4.9225,5.03,-1
948,948,2015-12-16,5.0175,5.135,4.88,4.985,-1
949,949,2015-12-17,4.9725,5.0155,4.9275,4.935,-1
950,950,2015-12-18,4.97,5.0525,4.8575,5.0375,-1
951,951,2015-12-21,5.015,5.0575,4.998,5.025,-1
952,952,2015-12-22,5.0225,5.035,5.0075,5.0175,-1
953,953,2015-12-23,5.02,5.065,4.9025,5.0375,-1
954,954,2015-12-28,5.0625,5.0625,5.0325,5.0425,-1
955,955,2015-12-29,5.065,5.1125,5.0575,5.095,-1
956,956,2015-12-30,5.0925,5.095,4.96,5.075,-1
957,957,2016-01-04,5.0625,5.115,4.925,5.0325,-1
958,958,2016-01-05,5.0525,5.0625,4.9775,5.02,-1
959,959,2016-01-06,5.015,5.0175,4.87,4.9695,-1
960,960,2016-01-07,4.9065,4.9935,4.8675,4.99,-1
961,961,2016-01-08,4.9835,5.0925,4.9185,4.95,-1
962,962,2016-01-11,4.9205,4.9415,4.8675,4.87,-1
963,963,2016-01-12,4.813,4.897,4.7075,4.8,-1
964,964,2016-01-13,4.8260000000000005,4.87,4.7175,4.8345,-1
965,965,2016-01-14,4.83,4.839,4.7075,4.815,-1
966,966,2016-01-15,4.7965,4.8275,4.735,4.76,-1
967,967,2016-01-18,4.73,4.77,4.73,4.7515,-1
968,968,2016-01-19,4.805,4.828,4.7615,4.783,-1
969,969,2016-01-20,4.73,4.738,4.6075,4.6935,-1
970,970,2016-01-21,4.712,4.794,4.5875,4.755,-1
971,971,2016-01-22,4.8075,4.898,4.7405,4.849,-1
972,972,2016-01-25,4.849,4.855,4.7275,4.8155,-1
973,973,2016-01-26,4.7885,4.8745,4.7780000000000005,4.87,-1
974,974,2016-01-27,4.8585,4.917,4.7425,4.9045,-1
975,975,2016-01-28,4.9115,4.978,4.855,4.9289999999999985,-1
976,976,2016-01-29,4.963,5.0975,4.825,4.959,-1
977,977,2016-02-01,4.933,4.995,4.785,4.915,-1
978,978,2016-02-02,4.904,4.955,4.745,4.8475,-1
979,979,2016-02-03,4.8505,4.9345,4.715,4.9055,-1
980,980,2016-02-04,4.9510000000000005,5.0925,4.82,4.936,-1
981,981,2016-02-05,4.913,5.035,4.795,4.901,-1
982,982,2016-02-08,4.9015,5.0375,4.74,4.9060000000000015,-1
983,983,2016-02-09,4.883,4.89,4.7,4.829,-1
984,984,2016-02-10,4.787,4.9025,4.65,4.7715,-1
985,985,2016-02-11,4.7775,4.823,4.71,4.7845,-1
986,986,2016-02-12,4.812,4.955,4.6925,4.8615,-1
987,987,2016-02-15,4.869,4.8765,4.846,4.8580000000000005,-1
988,988,2016-02-16,4.9205,4.9725,4.817,4.8210000000000015,-1
989,989,2016-02-17,4.822,4.9625,4.8075,4.899,-1
990,990,2016-02-18,4.9125,5.05,4.8415,4.905,-1
991,991,2016-02-19,4.8915,4.925,4.8439999999999985,4.855,-1
992,992,2016-02-22,4.881,4.9225,4.869,4.9195,-1
993,993,2016-02-23,4.8805,4.9575,4.8405,4.8475,-1
994,994,2016-02-24,4.832,4.9025,4.7725,4.8525,-1
995,995,2016-02-25,4.885,4.8875,4.8325,4.85,-1
996,996,2016-02-26,4.905,4.95,4.871,4.8905,-1
997,997,2016-02-29,4.8660000000000005,4.91,4.8545,4.905,-1
998,998,2016-03-01,4.9155,4.9355,4.8765,4.896,-1
999,999,2016-03-02,4.9115,4.949,4.8945,4.9455,-1
1000,1000,2016-03-03,4.935,5.01,4.8775,4.955,-1
1001,1001,2016-03-04,4.979,5.04,4.918,5.04,-1
1002,1002,2016-03-07,5.0575,5.1075,5.045,5.1025,-1
1003,1003,2016-03-08,5.0975,5.17,5.05,5.0775,-1
1004,1004,2016-03-09,5.0625,5.1225,5.045,5.115,-1
1005,1005,2016-03-10,5.105,5.17,5.0575,5.0875,-1
1006,1006,2016-03-11,5.1575,5.175,5.075,5.165,-1
1007,1007,2016-03-14,5.145,5.15,5.075,5.1125,-1
1008,1008,2016-03-15,5.0775,5.1025,5.0675,5.08,-1
1009,1009,2016-03-16,5.0845,5.13,5.05,5.125,-1
1010,1010,2016-03-17,5.2075,5.23,5.1475,5.225,-1
1011,1011,2016-03-18,5.2375,5.2575,5.2175,5.2175,-1
1012,1012,2016-03-21,5.175,5.2275,5.0925,5.215,-1
1013,1013,2016-03-22,5.2075,5.2375,5.135,5.2175,-1
1014,1014,2016-03-23,5.2075,5.2175,5.095,5.14,-1
1015,1015,2016-03-24,5.1075,5.1275,5.065,5.11,-1
1016,1016,2016-03-29,5.0925,5.1025,5.0725,5.08,-1
1017,1017,2016-03-30,5.12,5.155,5.0925,5.1,-1
1018,1018,2016-03-31,5.075,5.125,5.0575,5.0975,-1
1019,1019,2016-04-01,5.075,5.0875,4.995,5.005,-1
1020,1020,2016-04-04,5.005,5.045,4.9975,5.0,-1
1021,1021,2016-04-05,4.9725,4.985,4.9030000000000005,4.96,-1
1022,1022,2016-04-06,4.967,4.99,4.8885,4.99,-1
1023,1023,2016-04-07,5.01,5.0125,4.9325,4.9725,-1
1024,1024,2016-04-08,5.0075,5.09,5.0075,5.0875,-1
1025,1025,2016-04-11,5.0725,5.1125,4.994,5.105,-1
1026,1026,2016-04-12,5.1175,5.195,5.0655,5.1875,-1
1027,1027,2016-04-13,5.19,5.245,5.19,5.2175,-1
1028,1028,2016-04-14,5.1875,5.2325,5.155,5.2075,-1
1029,1029,2016-04-15,5.185,5.1925,5.13,5.16,-1
1030,1030,2016-04-18,5.12,5.1975,5.046,5.195,-1
1031,1031,2016-04-19,5.215,5.315,5.145,5.305,-1
1032,1032,2016-04-20,5.295,5.36,5.2775,5.355,-1
1033,1033,2016-04-21,5.3525,5.475,5.3475,5.4,-1
1034,1034,2016-04-22,5.3675,5.425,5.3525,5.3775,-1
1035,1035,2016-04-25,5.345,5.37,5.27,5.3675,-1
1036,1036,2016-04-26,5.3275,5.375,5.2675,5.37,-1
1037,1037,2016-04-27,5.4175,5.4325,5.3525,5.3775,-1
1038,1038,2016-04-28,5.405,5.4625,5.35,5.4575,-1
1039,1039,2016-04-29,5.4675,5.52,5.4275,5.4825,-1
1040,1040,2016-05-02,5.4975,5.5,5.45,5.4575,-1
1041,1041,2016-05-03,5.48,5.555,5.245,5.3725,-1
1042,1042,2016-05-04,5.37,5.5375,5.2525,5.3725,-1
1043,1043,2016-05-05,5.385,5.555,5.3505,5.355,-1
1044,1044,2016-05-06,5.3125,5.44,5.1825,5.385,-1
1045,1045,2016-05-09,5.3575,5.41,5.1825,5.265,-1
1046,1046,2016-05-10,5.2825,5.405,5.145,5.3025,-1
1047,1047,2016-05-11,5.3825,5.4975,5.2375,5.4325,-1
1048,1048,2016-05-12,5.4475,5.585,5.315,5.4075,-1
1049,1049,2016-05-13,5.4175,5.545,5.2725,5.44,-1
1050,1050,2016-05-17,5.4925,5.5325,5.3425,5.5075,-1
1051,1051,2016-05-18,5.4825,5.5975,5.345,5.4975,-1
1052,1052,2016-05-19,5.4275,5.435,5.2475,5.3975,-1
1053,1053,2016-05-20,5.45,5.5725,5.33,5.445,-1
1054,1054,2016-05-23,5.4275,5.4775,5.285,5.415,-1
1055,1055,2016-05-24,5.395,5.5225,5.275,5.435,-1
1056,1056,2016-05-25,5.4225,5.555,5.29,5.44,-1
1057,1057,2016-05-26,5.495,5.635,5.33,5.4725,-1
1058,1058,2016-05-27,5.465,5.4825,5.33,5.48,-1
1059,1059,2016-05-30,5.465,5.48,5.32,5.48,-1
1060,1060,2016-05-31,5.4875,5.605,5.3625,5.5025,-1
1061,1061,2016-06-01,5.45,5.565,5.3125,5.49,-1
1062,1062,2016-06-02,5.53,5.6525,5.375,5.555,-1
1063,1063,2016-06-03,5.58,5.6375,5.5325,5.595,-1
1064,1064,2016-06-06,5.635,5.8025,5.5275,5.6575,-1
1065,1065,2016-06-07,5.6475,5.775,5.505,5.6475,-1
1066,1066,2016-06-08,5.6775,5.895,5.6125,5.7575,-1
1067,1067,2016-06-09,5.785,5.885,5.6175,5.7575,-1
1068,1068,2016-06-10,5.735,5.8675,5.6,5.725,-1
1069,1069,2016-06-13,5.72,5.7975,5.5925,5.74,-1
1070,1070,2016-06-14,5.67,5.805,5.5375,5.6625,-1
1071,1071,2016-06-15,5.68,5.825,5.5775,5.6925,-1
1072,1072,2016-06-16,5.65,5.7425,5.49,5.6175,-1
1073,1073,2016-06-17,5.62,5.7675,5.4925,5.6475,-1
1074,1074,2016-06-20,5.695,5.755,5.5825,5.7325,-1
1075,1075,2016-06-21,5.705,5.8025,5.5425,5.6725,-1
1076,1076,2016-06-22,5.6975,5.815,5.5625,5.67,-1
1077,1077,2016-06-23,5.6325,5.755,5.54,5.6525,-1
1078,1078,2016-06-24,5.56,5.59,5.4425,5.585,-1
1079,1079,2016-06-27,5.605,5.61,5.5425,5.5475,-1
1080,1080,2016-06-28,5.5925,5.66,5.5325,5.6275,-1
1081,1081,2016-06-29,5.6675,5.805,5.5475,5.71,-1
1082,1082,2016-06-30,5.7075,5.8025,5.5525,5.68,-1
1083,1083,2016-07-01,5.7125,5.79,5.5775,5.7175,-1
1084,1084,2016-07-04,5.75,5.7675,5.725,5.7425,-1
1085,1085,2016-07-05,5.705,5.705,5.4775,5.575,-1
1086,1086,2016-07-06,5.5975,5.705,5.415,5.5475,-1
1087,1087,2016-07-07,5.595,5.7325,5.4225,5.5225,-1
1088,1088,2016-07-08,5.4825,5.6225,5.3775,5.5075,-1
1089,1089,2016-07-11,5.5525,5.64,5.525,5.5375,-1
1090,1090,2016-07-12,5.5275,5.6825,5.4425,5.5475,-1
1091,1091,2016-07-13,5.5875,5.725,5.4575,5.5675,-1
1092,1092,2016-07-14,5.5925,5.6475,5.5675,5.5975,-1
1093,1093,2016-07-15,5.56,5.6325,5.44,5.5525,-1
1094,1094,2016-07-18,5.54,5.6275,5.39,5.5125,-1
1095,1095,2016-07-19,5.52,5.6225,5.385,5.5025,-1
1096,1096,2016-07-20,5.4725,5.5825,5.315,5.46,-1
1097,1097,2016-07-21,5.4575,5.5675,5.41,5.4425,-1
1098,1098,2016-07-22,5.395,5.5,5.345,5.3825,-1
1099,1099,2016-07-25,5.4025,5.4875,5.24,5.3675,-1
1100,1100,2016-07-26,5.36,5.405,5.295,5.3475,-1
1101,1101,2016-07-27,5.335,5.4675,5.275,5.3375,-1
1102,1102,2016-07-28,5.34,5.4275,5.25,5.3375,-1
1103,1103,2016-07-29,5.305,5.4725,5.175,5.365,-1
1104,1104,2016-08-01,5.3775,5.4675,5.2125,5.315,-1
1105,1105,2016-08-02,5.3075,5.4275,5.2175,5.2875,-1
1106,1106,2016-08-03,5.275,5.4275,5.265,5.3225,-1
1107,1107,2016-08-04,5.32,5.43,5.23,5.3375,-1
1108,1108,2016-08-05,5.36,5.475,5.235,5.3275,-1
1109,1109,2016-08-08,5.3575,5.515,5.29,5.3825,-1
1110,1110,2016-08-09,5.35,5.4875,5.235,5.3675,-1
1111,1111,2016-08-10,5.3625,5.5025,5.2475,5.33,-1
1112,1112,2016-08-11,5.31,5.4375,5.1975,5.37,-1
1113,1113,2016-08-12,5.3525,5.3825,5.3325,5.3725,-1
1114,1114,2016-08-15,5.39,5.528,5.3725,5.4325,-1
1115,1115,2016-08-16,5.435,5.575,5.4145,5.4625,-1
1116,1116,2016-08-17,5.45,5.5925,5.3610000000000015,5.4625,-1
1117,1117,2016-08-18,5.485,5.6225,5.39,5.51,-1
1118,1118,2016-08-19,5.5175,5.6075,5.4725,5.49,-1
1119,1119,2016-08-22,5.455,5.5525,5.4275,5.465,-1
1120,1120,2016-08-23,5.45,5.565,5.43,5.48,-1
1121,1121,2016-08-24,5.45,5.58,5.34,5.42,-1
1122,1122,2016-08-25,5.4125,5.5175,5.29,5.42,-1
1123,1123,2016-08-26,5.4225,5.5775,5.3925,5.4375,-1
1124,1124,2016-08-29,5.39,5.4,5.295,5.3875,-1
1125,1125,2016-08-30,5.3775,5.455,5.32,5.3325,-1
1126,1126,2016-08-31,5.325,5.39,5.215,5.2825,-1
1127,1127,2016-09-01,5.285,5.33,5.2275,5.2375,-1
1128,1128,2016-09-02,5.245,5.345,5.2375,5.2925,-1
1129,1129,2016-09-05,5.285,5.365,5.2825,5.2975,-1
1130,1130,2016-09-06,5.3025,5.3675,5.26,5.2925,-1
1131,1131,2016-09-07,5.325,5.3545,5.2525,5.3225,-1
1132,1132,2016-09-08,5.375,5.4525,5.31,5.415,-1
1133,1133,2016-09-09,5.3975,5.4075,5.33,5.3825,-1
1134,1134,2016-09-12,5.3125,5.4075,5.265,5.365,-1
1135,1135,2016-09-13,5.35,5.385,5.2425,5.2975,-1
1136,1136,2016-09-14,5.305,5.33,5.1975,5.275,-1
1137,1137,2016-09-15,5.265,5.3225,5.23,5.2875,-1
1138,1138,2016-09-16,5.2775,5.3,5.2175,5.2975,-1
1139,1139,2016-09-19,5.34,5.365,5.27,5.345,-1
1140,1140,2016-09-20,5.3325,5.37,5.3125,5.3625,-1
1141,1141,2016-09-21,5.385,5.4225,5.3575,5.4,-1
1142,1142,2016-09-22,5.4275,5.485,5.3975,5.45,-1
1143,1143,2016-09-23,5.4175,5.49,5.3825,5.4025,-1
1144,1144,2016-09-26,5.365,5.445,5.3325,5.3975,-1
1145,1145,2016-09-27,5.39,5.3975,5.305,5.3225,-1
1146,1146,2016-09-28,5.35,5.3775,5.3225,5.3425,-1
1147,1147,2016-09-29,5.42,5.4525,5.3975,5.43,-1
1148,1148,2016-09-30,5.3975,5.4725,5.3875,5.41,-1
1149,1149,2016-10-04,5.42,5.4775,5.3475,5.4325,-1
1150,1150,2016-10-05,5.425,5.4825,5.3625,5.44,-1
1151,1151,2016-10-06,5.43,5.465,5.3975,5.4225,-1
1152,1152,2016-10-07,5.435,5.475,5.3775,5.4525,-1
1153,1153,2016-10-10,5.45,5.5275,5.4425,5.5075,-1
1154,1154,2016-10-11,5.505,5.5125,5.4725,5.475,-1
1155,1155,2016-10-12,5.48,5.4875,5.4125,5.4575,-1
1156,1156,2016-10-13,5.4225,5.5025,5.4175,5.4525,-1
1157,1157,2016-10-14,5.5,5.5075,5.4775,5.4775,-1
1158,1158,2016-10-17,5.48,5.5075,5.4275,5.4675,-1
1159,1159,2016-10-18,5.51,5.5175,5.4875,5.4975,-1
1160,1160,2016-10-19,5.505,5.5275,5.4825,5.5225,-1
1161,1161,2016-10-20,5.5075,5.525,5.4425,5.46,-1
1162,1162,2016-10-21,5.455,5.4725,5.4275,5.46,-1
1163,1163,2016-10-24,5.4775,5.4925,5.4525,5.4575,-1
1164,1164,2016-10-25,5.485,5.505,5.435,5.4675,-1
1165,1165,2016-10-26,5.45,5.4575,5.4125,5.4425,-1
1166,1166,2016-10-27,5.435,5.4725,5.4025,5.4675,-1
1167,1167,2016-10-28,5.4675,5.505,5.4275,5.4725,-1
1168,1168,2016-10-31,5.44,5.4625,5.385,5.4125,-1
1169,1169,2016-11-01,5.415,5.42,5.36,5.3625,-1
1170,1170,2016-11-02,5.335,5.375,5.295,5.3125,-1
1171,1171,2016-11-03,5.3175,5.3275,5.3,5.3025,-1
1172,1172,2016-11-04,5.295,5.325,5.26,5.285,-1
1173,1173,2016-11-07,5.315,5.3275,5.2475,5.2975,-1
1174,1174,2016-11-08,5.325,5.3625,5.2875,5.325,-1
1175,1175,2016-11-09,5.325,5.3625,5.3025,5.3275,-1
1176,1176,2016-11-10,5.39,5.39,5.29,5.3075,-1
1177,1177,2016-11-11,5.34,5.365,5.2175,5.2175,-1
1178,1178,2016-11-14,5.24,5.2475,5.18,5.1925,-1
1179,1179,2016-11-15,5.235,5.275,5.2325,5.2625,-1
1180,1180,2016-11-16,5.2775,5.28,5.2325,5.2575,-1
1181,1181,2016-11-17,5.25,5.2775,5.2375,5.2475,-1
1182,1182,2016-11-18,5.2175,5.2975,5.185,5.2425,-1
1183,1183,2016-11-21,5.32,5.37,5.3075,5.365,-1
1184,1184,2016-11-22,5.41,5.4575,5.37,5.38,-1
1185,1185,2016-11-23,5.385,5.4075,5.2875,5.3925,-1
1186,1186,2016-11-24,5.41,5.435,5.4075,5.42,-1
1187,1187,2016-11-25,5.405,5.4225,5.3875,5.3925,-1
1188,1188,2016-11-28,5.4275,5.505,5.4125,5.4625,-1
1189,1189,2016-11-29,5.4225,5.4795,5.3,5.335,-1
1190,1190,2016-11-30,5.355,5.4675,5.355,5.4325,-1
1191,1191,2016-12-01,5.455,5.5225,5.41,5.5175,-1
1192,1192,2016-12-02,5.495,5.5275,5.445,5.5125,-1
1193,1193,2016-12-05,5.5325,5.65,5.5,5.585,-1
1194,1194,2016-12-06,5.5695,5.5945,5.5345,5.5915,-1
1195,1195,2016-12-07,5.5295,5.6015,5.5165,5.5645,-1
1196,1196,2016-12-08,5.5345,5.5515,5.4895,5.5145,-1
1197,1197,2016-12-09,5.5595,5.5915,5.5195,5.5695,-1
1198,1198,2016-12-12,5.6115,5.6145,5.5345,5.5815,-1
1199,1199,2016-12-13,5.5715,5.6065,5.5245,5.5645,-1
1200,1200,2016-12-14,5.5495,5.5765,5.5265,5.5565,-1
1201,1201,2016-12-15,5.5265,5.5345,5.4675,5.4925,-1
1202,1202,2016-12-16,5.4875,5.5475,5.4475,5.5025,-1
1203,1203,2016-12-19,5.5,5.54,5.46,5.4675,-1
1204,1204,2016-12-20,5.4625,5.4725,5.4475,5.455,-1
1205,1205,2016-12-21,5.4725,5.53,5.395,5.475,-1
1206,1206,2016-12-22,5.455,5.5025,5.425,5.4675,-1
1207,1207,2016-12-23,5.455,5.465,5.435,5.46,-1
1208,1208,2016-12-27,5.49,5.5325,5.4775,5.525,-1
1209,1209,2016-12-28,5.525,5.5425,5.505,5.53,-1
1210,1210,2016-12-29,5.5425,5.6155,5.5325,5.5375,-1
1211,1211,2016-12-30,5.55,5.5575,5.515,5.535,-1
1212,1212,2017-01-02,5.5245,5.5975,5.5245,5.535,-1
1213,1213,2017-01-03,5.5075,5.545,5.4625,5.4675,-1
1214,1214,2017-01-04,5.4425,5.485,5.425,5.475,-1
1215,1215,2017-01-05,5.505,5.5595,5.49,5.49,-1
1216,1216,2017-01-06,5.4975,5.5695,5.477,5.5045,-1
1217,1217,2017-01-09,5.5,5.5075,5.415,5.455,-1
1218,1218,2017-01-10,5.465,5.515,5.4375,5.495,-1
1219,1219,2017-01-11,5.475,5.515,5.435,5.495,-1
1220,1220,2017-01-12,5.5225,5.635,5.47,5.5525,-1
1221,1221,2017-01-13,5.5675,5.6075,5.535,5.5725,-1
1222,1222,2017-01-16,5.5875,5.6175,5.52,5.5825,-1
1223,1223,2017-01-17,5.6005,5.6535,5.5425,5.605,-1
1224,1224,2017-01-18,5.6025,5.6125,5.51,5.5925,-1
1225,1225,2017-01-19,5.5675,5.5925,5.5225,5.565,-1
1226,1226,2017-01-20,5.545,5.59,5.5375,5.5775,-1
1227,1227,2017-01-23,5.58,5.59,5.54,5.585,-1
1228,1228,2017-01-24,5.595,5.63,5.5575,5.61,-1
1229,1229,2017-01-25,5.5725,5.6375,5.535,5.58,-1
1230,1230,2017-01-26,5.5875,5.5975,5.495,5.57,-1
1231,1231,2017-01-27,5.5375,5.545,5.52,5.5325,-1
1232,1232,2017-01-30,5.53,5.5325,5.455,5.49,-1
1233,1233,2017-01-31,5.4825,5.545,5.48,5.53,-1
1234,1234,2017-02-01,5.515,5.555,5.4425,5.5525,-1
1235,1235,2017-02-02,5.58,5.6075,5.5575,5.575,-1
1236,1236,2017-02-03,5.555,5.5925,5.48,5.5425,-1
1237,1237,2017-02-06,5.555,5.56,5.4725,5.5425,-1
1238,1238,2017-02-07,5.52,5.5375,5.505,5.525,-1
1239,1239,2017-02-08,5.5375,5.57,5.5,5.565,-1
1240,1240,2017-02-09,5.5775,5.62,5.5575,5.57,-1
1241,1241,2017-02-10,5.565,5.67,5.5275,5.6225,-1
1242,1242,2017-02-13,5.6175,5.6745,5.5775,5.5875,-1
1243,1243,2017-02-14,5.575,5.6075,5.565,5.575,-1
1244,1244,2017-02-15,5.5775,5.6075,5.525,5.6,-1
1245,1245,2017-02-16,5.595,5.6175,5.545,5.58,-1
1246,1246,2017-02-17,5.5425,5.585,5.455,5.535,-1
1247,1247,2017-02-20,5.545,5.59,5.52,5.555,-1
1248,1248,2017-02-21,5.5525,5.575,5.53,5.545,-1
1249,1249,2017-02-22,5.5175,5.535,5.4525,5.5075,-1
1250,1250,2017-02-23,5.51,5.55,5.5,5.505,-1
1251,1251,2017-02-24,5.5025,5.57,5.4625,5.4925,-1
1252,1252,2017-02-27,5.5025,5.5375,5.48,5.485,-1
1253,1253,2017-02-28,5.4775,5.5275,5.4625,5.5075,-1
1254,1254,2017-03-01,5.5125,5.555,5.5075,5.535,-1
1255,1255,2017-03-02,5.5425,5.5425,5.4775,5.5,-1
1256,1256,2017-03-03,5.4675,5.4875,5.455,5.46,-1
1257,1257,2017-03-06,5.4775,5.525,5.455,5.485,-1
1258,1258,2017-03-07,5.4675,5.4725,5.4225,5.425,-1
1259,1259,2017-03-08,5.425,5.4975,5.405,5.405,-1
1260,1260,2017-03-09,5.3575,5.37,5.2975,5.325,-1
1261,1261,2017-03-10,5.3125,5.365,5.2875,5.2975,-1
1262,1262,2017-03-13,5.315,5.32,5.28,5.31,-1
1263,1263,2017-03-14,5.29,5.3225,5.2475,5.275,-1
1264,1264,2017-03-15,5.295,5.3725,5.2825,5.3025,-1
1265,1265,2017-03-16,5.3625,5.3675,5.3125,5.33,-1
1266,1266,2017-03-17,5.3225,5.3725,5.32,5.335,-1
1267,1267,2017-03-20,5.345,5.41,5.28,5.3525,-1
1268,1268,2017-03-21,5.3575,5.42,5.3225,5.34,-1
1269,1269,2017-03-22,5.32,5.3425,5.2875,5.31,-1
1270,1270,2017-03-23,5.3225,5.37,5.2775,5.305,-1
1271,1271,2017-03-24,5.3075,5.3275,5.2525,5.305,-1
1272,1272,2017-03-27,5.2975,5.3275,5.2525,5.285,-1
1273,1273,2017-03-28,5.29,5.4,5.2875,5.33,-1
1274,1274,2017-03-29,5.3325,5.355,5.28,5.355,-1
1275,1275,2017-03-30,5.3575,5.38,5.285,5.375,-1
1276,1276,2017-03-31,5.35,5.3675,5.325,5.34,-1
1277,1277,2017-04-03,5.3675,5.4125,5.2925,5.3375,-1
1278,1278,2017-04-04,5.3175,5.3625,5.285,5.35,-1
1279,1279,2017-04-05,5.3825,5.405,5.3475,5.37,-1
1280,1280,2017-04-06,5.3675,5.3925,5.31,5.37,-1
1281,1281,2017-04-07,5.39,5.4,5.3425,5.385,-1
1282,1282,2017-04-10,5.3725,5.39,5.3475,5.38,-1
1283,1283,2017-04-11,5.3875,5.42,5.355,5.375,-1
1284,1284,2017-04-12,5.3975,5.4125,5.3575,5.39,-1
1285,1285,2017-04-13,5.4075,5.4375,5.36,5.405,-1
1286,1286,2017-04-18,5.3825,5.3925,5.3125,5.3575,-1
1287,1287,2017-04-19,5.3475,5.39,5.34,5.345,-1
1288,1288,2017-04-20,5.3275,5.3375,5.274,5.305,-1
1289,1289,2017-04-21,5.2975,5.2975,5.2525,5.26,-1
1290,1290,2017-04-24,5.2675,5.2875,5.23,5.24,-1
1291,1291,2017-04-25,5.2425,5.29,5.225,5.245,-1
1292,1292,2017-04-26,5.2575,5.29,5.225,5.2825,-1
1293,1293,2017-04-27,5.245,5.255,5.215,5.2175,-1
1294,1294,2017-04-28,5.2525,5.3175,5.18,5.245,-1
1295,1295,2017-05-02,5.28,5.3525,5.24,5.285,-1
1296,1296,2017-05-03,5.25,5.3,5.205,5.2325,-1
1297,1297,2017-05-04,5.2175,5.245,5.1425,5.155,-1
1298,1298,2017-05-05,5.136,5.21,5.136,5.1875,-1
1299,1299,2017-05-08,5.1715,5.1975,5.115,5.135,-1
1300,1300,2017-05-09,5.1575,5.215,5.085,5.15,-1
1301,1301,2017-05-10,5.1375,5.1875,5.135,5.17,-1
1302,1302,2017-05-11,5.2025,5.232,5.1395,5.197,-1
1303,1303,2017-05-12,5.2075,5.2275,5.2025,5.2225,-1
1304,1304,2017-05-15,5.25,5.305,5.23,5.255,-1
1305,1305,2017-05-16,5.2275,5.2675,5.2025,5.23,-1
1306,1306,2017-05-17,5.23,5.2875,5.2,5.26,-1
1307,1307,2017-05-18,5.2275,5.235,5.15,5.23,-1
1308,1308,2017-05-19,5.2275,5.2925,5.225,5.29,-1
1309,1309,2017-05-22,5.315,5.345,5.3125,5.34,-1
1310,1310,2017-05-23,5.3075,5.355,5.3025,5.315,-1
1311,1311,2017-05-24,5.2875,5.32,5.275,5.28,-1
1312,1312,2017-05-25,5.3025,5.3075,5.2375,5.265,-1
1313,1313,2017-05-26,5.2425,5.2525,5.2065,5.24,-1
1314,1314,2017-05-29,5.24,5.2675,5.205,5.25,-1
1315,1315,2017-05-30,5.2275,5.2275,5.1875,5.19,-1
1316,1316,2017-05-31,5.1875,5.1925,5.155,5.17,-1
1317,1317,2017-06-01,5.1825,5.1975,5.1375,5.1675,-1
1318,1318,2017-06-02,5.135,5.1625,5.1,5.15,-1
1319,1319,2017-06-06,5.131,5.16,5.1175,5.15,-1
1320,1320,2017-06-07,5.1525,5.1675,5.12,5.13,-1
1321,1321,2017-06-08,5.14,5.1725,5.1,5.14,-1
1322,1322,2017-06-09,5.1225,5.1975,5.085,5.16,-1
1323,1323,2017-06-12,5.1375,5.165,5.11,5.11,-1
1324,1324,2017-06-13,5.0975,5.1025,5.075,5.085,-1
1325,1325,2017-06-14,5.1025,5.16,5.06,5.065,-1
1326,1326,2017-06-15,5.0475,5.055,4.976,5.04,-1
1327,1327,2017-06-16,5.0625,5.1275,5.0525,5.065,-1
1328,1328,2017-06-19,5.0625,5.0725,5.0525,5.06,-1
1329,1329,2017-06-20,5.0525,5.0575,4.9775,4.9905,-1
1330,1330,2017-06-21,5.0025,5.02,4.98,5.005,-1
1331,1331,2017-06-22,4.9665,4.9895,4.9325,4.982,-1
1332,1332,2017-06-23,4.97,4.9975,4.93,4.9795,-1
1333,1333,2017-06-26,4.9975,5.0225,4.9305,4.9689999999999985,-1
1334,1334,2017-06-27,5.007,5.0475,4.95,5.03,-1
1335,1335,2017-06-28,5.018,5.085,4.968,5.035,-1
1336,1336,2017-06-29,5.0625,5.1325,5.03,5.085,-1
1337,1337,2017-06-30,5.0825,5.1425,5.03,5.0975,-1
1338,1338,2017-07-03,5.1675,5.245,5.105,5.195,-1
1339,1339,2017-07-04,5.165,5.2025,5.1,5.185,-1
1340,1340,2017-07-05,5.185,5.235,5.085,5.125,-1
1341,1341,2017-07-06,5.1325,5.1925,5.0725,5.145,-1
1342,1342,2017-07-07,5.1225,5.195,5.04,5.105,-1
1343,1343,2017-07-10,5.12,5.17,5.055,5.14,-1
1344,1344,2017-07-11,5.14,5.185,5.0525,5.155,-1
1345,1345,2017-07-12,5.1825,5.24,5.1225,5.165,-1
1346,1346,2017-07-13,5.1425,5.18,5.0675,5.135,-1
1347,1347,2017-07-14,5.1125,5.2,5.1025,5.15,-1
1348,1348,2017-07-17,5.1575,5.2,5.1,5.175,-1
1349,1349,2017-07-18,5.1625,5.2675,5.155,5.19,-1
1350,1350,2017-07-19,5.1775,5.26,5.1775,5.205,-1
1351,1351,2017-07-20,5.205,5.2975,5.175,5.22,-1
1352,1352,2017-07-21,5.215,5.2725,5.185,5.19,-1
1353,1353,2017-07-24,5.145,5.185,5.121,5.14,-1
1354,1354,2017-07-25,5.1725,5.23,5.1275,5.175,-1
1355,1355,2017-07-26,5.1825,5.2025,5.17,5.19,-1
1356,1356,2017-07-27,5.225,5.33,5.205,5.24,-1
1357,1357,2017-07-28,5.2375,5.3125,5.23,5.265,-1
1358,1358,2017-07-31,5.2525,5.2775,5.2125,5.245,-1
1359,1359,2017-08-01,5.2475,5.2755,5.175,5.19,-1
1360,1360,2017-08-02,5.1975,5.2205,5.175,5.218,-1
1361,1361,2017-08-03,5.1925,5.2375,5.1425,5.21,-1
1362,1362,2017-08-04,5.1875,5.205,5.1275,5.185,-1
1363,1363,2017-08-07,5.1875,5.255,5.1425,5.1875,-1
1364,1364,2017-08-08,5.2225,5.2875,5.1675,5.225,-1
1365,1365,2017-08-09,5.2375,5.2605,5.1725,5.235,-1
1366,1366,2017-08-10,5.26,5.3025,5.205,5.27,-1
1367,1367,2017-08-11,5.2675,5.2675,5.1275,5.19,-1
1368,1368,2017-08-14,5.1925,5.205,5.165,5.17,-1
1369,1369,2017-08-15,5.1625,5.17,5.05,5.1275,-1
1370,1370,2017-08-16,5.1375,5.1805,5.1,5.144,-1
1371,1371,2017-08-17,5.1525,5.155,5.0425,5.125,-1
1372,1372,2017-08-18,5.1525,5.1785,5.115,5.145,-1
1373,1373,2017-08-21,5.1775,5.206,5.1025,5.175,-1
1374,1374,2017-08-22,5.1775,5.1825,5.1275,5.1625,-1
1375,1375,2017-08-23,5.16,5.2125,5.0975,5.17,-1
1376,1376,2017-08-24,5.1775,5.2,5.1225,5.185,-1
1377,1377,2017-08-25,5.2025,5.2145,5.13,5.1825,-1
1378,1378,2017-08-28,5.1925,5.225,5.165,5.1875,-1
1379,1379,2017-08-29,5.1985,5.2120000000000015,5.165,5.1925,-1
1380,1380,2017-08-30,5.1875,5.225,5.15,5.17,-1
1381,1381,2017-08-31,5.1675,5.2375,5.12,5.23,-1
1382,1382,2017-09-01,5.2625,5.2885,5.225,5.27,-1
1383,1383,2017-09-04,5.275,5.3025,5.2475,5.285,-1
1384,1384,2017-09-05,5.285,5.3165,5.235,5.3125,-1
1385,1385,2017-09-06,5.2975,5.329,5.2475,5.3285,-1
1386,1386,2017-09-07,5.315,5.3370000000000015,5.2725,5.315,-1
1387,1387,2017-09-08,5.3175,5.3545,5.235,5.275,-1
1388,1388,2017-09-11,5.2775,5.3275,5.215,5.2570000000000014,-1
1389,1389,2017-09-12,5.26,5.3035,5.215,5.2735,-1
1390,1390,2017-09-13,5.2575,5.3075,5.205,5.275,-1
1391,1391,2017-09-14,5.2675,5.305,5.2175,5.295,-1
1392,1392,2017-09-15,5.2725,5.306,5.235,5.27,-1
1393,1393,2017-09-18,5.3,5.3425,5.2375,5.275,-1
1394,1394,2017-09-19,5.285,5.3175,5.2375,5.27,-1
1395,1395,2017-09-20,5.29,5.3375,5.265,5.3,-1
1396,1396,2017-09-21,5.275,5.2875,5.2225,5.2675,-1
1397,1397,2017-09-22,5.2525,5.305,5.223,5.26,-1
1398,1398,2017-09-25,5.2525,5.3025,5.245,5.28,-1
1399,1399,2017-09-26,5.2975,5.315,5.2325,5.27,-1
1400,1400,2017-09-27,5.2675,5.3,5.23,5.255,-1
1401,1401,2017-09-28,5.2425,5.2755,5.2,5.255,-1
1402,1402,2017-09-29,5.245,5.2755,5.2025,5.24,-1
1403,1403,2017-10-02,5.23,5.23,5.16,5.175,-1
1404,1404,2017-10-04,5.195,5.2325,5.1425,5.21,-1
1405,1405,2017-10-05,5.215,5.2755,5.19,5.25,-1
1406,1406,2017-10-06,5.2425,5.255,5.1825,5.1925,-1
1407,1407,2017-10-09,5.225,5.255,5.16,5.21,-1
1408,1408,2017-10-10,5.2125,5.265,5.1775,5.26,-1
1409,1409,2017-10-11,5.2475,5.2925,5.2075,5.25,-1
1410,1410,2017-10-12,5.26,5.3025,5.2175,5.2525,-1
1411,1411,2017-10-13,5.2925,5.355,5.265,5.31,-1
1412,1412,2017-10-16,5.3425,5.38,5.2825,5.3325,-1
1413,1413,2017-10-17,5.3075,5.3660000000000005,5.265,5.2975,-1
1414,1414,2017-10-18,5.292999999999998,5.335,5.22,5.2755,-1
1415,1415,2017-10-19,5.2879999999999985,5.3125,5.223,5.2905,-1
1416,1416,2017-10-20,5.303,5.33,5.2375,5.2805,-1
1417,1417,2017-10-23,5.283,5.33,5.2505,5.297999999999999,-1
1418,1418,2017-10-24,5.308,5.358,5.2575,5.3055,-1
1419,1419,2017-10-25,5.323,5.364,5.2725,5.3255,-1
1420,1420,2017-10-26,5.318,5.345,5.2655,5.3105,-1
1421,1421,2017-10-27,5.297999999999999,5.323,5.2305,5.3005,-1
1422,1422,2017-10-30,5.323,5.372999999999998,5.2725,5.3275,-1
1423,1423,2017-11-01,5.365,5.4205,5.332999999999998,5.3555,-1
1424,1424,2017-11-02,5.3505,5.3725,5.2745,5.3545,-1
1425,1425,2017-11-03,5.365,5.4405,5.3205,5.3605,-1
1426,1426,2017-11-06,5.404,5.4655,5.372999999999998,5.4375,-1
1427,1427,2017-11-07,5.4475,5.4505,5.388,5.4075,-1
1428,1428,2017-11-08,5.405,5.4395,5.375,5.4205,-1
1429,1429,2017-11-09,5.415,5.4475,5.37,5.4275,-1
1430,1430,2017-11-10,5.4055,5.4525,5.3679999999999986,5.4055,-1
1431,1431,2017-11-13,5.3955,5.4225,5.355,5.4105,-1
1432,1432,2017-11-14,5.3705,5.393,5.2725,5.3175,-1
1433,1433,2017-11-15,5.308,5.347,5.2605,5.3255,-1
1434,1434,2017-11-16,5.318,5.363,5.2855,5.3105,-1
1435,1435,2017-11-17,5.3105,5.3535,5.2535,5.3455,-1
1436,1436,2017-11-20,5.337999999999999,5.365,5.2805,5.3225,-1
1437,1437,2017-11-21,5.3355,5.381,5.2755,5.3475,-1
1438,1438,2017-11-22,5.3705,5.4155,5.33,5.3775,-1
1439,1439,2017-11-23,5.3679999999999986,5.391,5.341,5.377999999999999,-1
1440,1440,2017-11-24,5.398,5.4405,5.3439999999999985,5.3805,-1
1441,1441,2017-11-27,5.3679999999999986,5.398,5.335,5.3655,-1
1442,1442,2017-11-28,5.358,5.377999999999999,5.323,5.3525,-1
1443,1443,2017-11-29,5.358,5.393,5.3135,5.346,-1
1444,1444,2017-11-30,5.3255,5.365,5.2735,5.3205,-1
1445,1445,2017-12-01,5.3205,5.385,5.2755,5.3605,-1
1446,1446,2017-12-04,5.348,5.3679999999999986,5.2675,5.3105,-1
1447,1447,2017-12-05,5.2725,5.2955,5.2305,5.2605,-1
1448,1448,2017-12-06,5.2575,5.2755,5.17,5.2005,-1
1449,1449,2017-12-07,5.1835,5.2,5.1375,5.1705,-1
1450,1450,2017-12-08,5.1855,5.218,5.172999999999999,5.1905,-1
1451,1451,2017-12-11,5.1905,5.2105,5.158,5.2005,-1
1452,1452,2017-12-12,5.2055,5.2325,5.17,5.1705,-1
1453,1453,2017-12-13,5.1755,5.195,5.14,5.1555,-1
1454,1454,2017-12-14,5.1605,5.19,5.1095,5.1755,-1
1455,1455,2017-12-15,5.188,5.2175,5.155,5.1955,-1
1456,1456,2017-12-18,5.2025,5.2625,5.188,5.2205,-1
1457,1457,2017-12-19,5.2155,5.2375,5.1925,5.2155,-1
1458,1458,2017-12-20,5.2355,5.2525,5.178,5.2475,-1
1459,1459,2017-12-21,5.246,5.2605,5.178,5.2575,-1
1460,1460,2017-12-22,5.2555,5.283,5.22,5.2805,-1
1461,1461,2017-12-27,5.3355,5.4,5.2905,5.363,-1
1462,1462,2017-12-28,5.393,5.4129999999999985,5.33,5.4005,-1
1463,1463,2017-12-29,5.402,5.4605,5.3679999999999986,5.4129999999999985,-1
1464,1464,2018-01-02,5.475,5.49,5.4220000000000015,5.437,-1
1465,1465,2018-01-03,5.4325,5.49,5.4270000000000005,5.441,-1
1466,1466,2018-01-04,5.465,5.4975,5.4255,5.4555,-1
1467,1467,2018-01-05,5.437,5.492000000000001,5.393,5.4045,-1
1468,1468,2018-01-08,5.416,5.4670000000000005,5.402,5.4670000000000005,-1
1469,1469,2018-01-09,5.4175,5.4695,5.3845,5.399,-1
1470,1470,2018-01-10,5.435,5.4725,5.4275,5.4345,-1
1471,1471,2018-01-11,5.437,5.461,5.392,5.44,-1
1472,1472,2018-01-12,5.4425,5.489,5.388,5.44,-1
1473,1473,2018-01-15,5.4765,5.5405,5.443,5.48,-1
1474,1474,2018-01-16,5.4545,5.4620000000000015,5.3805,5.43,-1
1475,1475,2018-01-17,5.4375,5.465,5.375,5.4529999999999985,-1
1476,1476,2018-01-18,5.4605,5.5065,5.425,5.448,-1
1477,1477,2018-01-19,5.452000000000001,5.5135,5.416,5.4505,-1
1478,1478,2018-01-22,5.4645,5.484,5.417999999999998,5.4705,-1
1479,1479,2018-01-23,5.4795,5.4915,5.425,5.4795,-1
1480,1480,2018-01-24,5.5015,5.5995,5.4605,5.5525,-1
1481,1481,2018-01-25,5.5875,5.652,5.515,5.5835,-1
1482,1482,2018-01-26,5.5645,5.5965,5.525,5.575,-1
1483,1483,2018-01-29,5.5885,5.6215,5.5185,5.563,-1
1484,1484,2018-01-30,5.5585,5.625,5.506,5.539,-1
1485,1485,2018-01-31,5.5365,5.5675,5.4765,5.5165,-1
1486,1486,2018-02-01,5.497999999999998,5.5539999999999985,5.4670000000000005,5.501,-1
1487,1487,2018-02-02,5.5360000000000005,5.5545,5.42,5.46,-1
1488,1488,2018-02-05,5.461,5.477,5.4065,5.4670000000000005,-1
1489,1489,2018-02-06,5.4295,5.44,5.3805,5.4215,-1
1490,1490,2018-02-07,5.437,5.4445,5.3660000000000005,5.3679999999999986,-1
1491,1491,2018-02-08,5.3475,5.39725,5.307,5.34925,-1
1492,1492,2018-02-09,5.3175,5.3305,5.2635,5.2815,-1
1493,1493,2018-02-12,5.3035,5.35775,5.2375,5.3020000000000005,-1
1494,1494,2018-02-13,5.3225,5.36,5.263,5.3285,-1
1495,1495,2018-02-14,5.31825,5.3765,5.28075,5.3725,-1
1496,1496,2018-02-15,5.4165,5.42,5.3439999999999985,5.394,-1
1497,1497,2018-02-16,5.4315,5.47525,5.3745,5.47525,-1
1498,1498,2018-02-19,5.41675,5.4685,5.3675,5.4220000000000015,-1
1499,1499,2018-02-20,5.421,5.46825,5.40975,5.4155,-1
1500,1500,2018-02-21,5.37675,5.42675,5.35475,5.41175,-1
1501,1501,2018-02-22,5.38175,5.43625,5.34725,5.43,-1
1502,1502,2018-02-23,5.4285,5.45325,5.39125,5.4355,-1
1503,1503,2018-02-26,5.4715,5.51475,5.44375,5.475,-1
1504,1504,2018-02-27,5.461,5.48125,5.402,5.445,-1
1505,1505,2018-02-28,5.43475,5.49475,5.4085,5.4255,-1
1506,1506,2018-03-01,5.4045,5.44,5.352,5.39475,-1
1507,1507,2018-03-02,5.419,5.4705,5.3875,5.401,-1
1508,1508,2018-03-05,5.40775,5.43875,5.35525,5.4345,-1
1509,1509,2018-03-06,5.4375,5.5055,5.41425,5.4529999999999985,-1
1510,1510,2018-03-07,5.43825,5.48625,5.39725,5.41825,-1
1511,1511,2018-03-08,5.3915,5.437,5.3610000000000015,5.372999999999998,-1
1512,1512,2018-03-09,5.3555,5.4295,5.3525,5.398,-1
1513,1513,2018-03-12,5.38075,5.412000000000001,5.31125,5.3685,-1
1514,1514,2018-03-13,5.37575,5.44475,5.34125,5.377000000000002,-1
1515,1515,2018-03-14,5.3855,5.42425,5.33975,5.37125,-1
1516,1516,2018-03-15,5.3785,5.42175,5.34125,5.3575,-1
1517,1517,2018-03-16,5.3545,5.39625,5.30975,5.35175,-1
1518,1518,2018-03-19,5.32525,5.37525,5.278,5.3115,-1
1519,1519,2018-03-20,5.3165,5.36825,5.3,5.3205,-1
1520,1520,2018-03-21,5.32025,5.36975,5.318,5.35725,-1
1521,1521,2018-03-22,5.37,5.38775,5.29875,5.3375,-1
1522,1522,2018-03-23,5.3455,5.35025,5.28925,5.34525,-1
1523,1523,2018-03-26,5.3525,5.381,5.3295,5.35575,-1
1524,1524,2018-03-27,5.36225,5.39225,5.332999999999998,5.34425,-1
1525,1525,2018-03-28,5.33175,5.33225,5.25975,5.32275,-1
1526,1526,2018-03-29,5.32675,5.3335,5.2645,5.32625,-1
1527,1527,2018-04-03,5.38475,5.391,5.263,5.34025,-1
1528,1528,2018-04-04,5.345,5.34825,5.2245,5.29975,-1
1529,1529,2018-04-05,5.30475,5.33,5.26275,5.32025,-1
1530,1530,2018-04-06,5.30925,5.35325,5.27125,5.31225,-1
1531,1531,2018-04-09,5.33425,5.4055,5.2905,5.3755,-1
1532,1532,2018-04-10,5.40375,5.4325,5.36325,5.4245,-1
1533,1533,2018-04-11,5.4375,5.496,5.4270000000000005,5.485,-1
1534,1534,2018-04-12,5.44425,5.47425,5.35325,5.4325,-1
1535,1535,2018-04-13,5.44475,5.4985,5.43175,5.47075,-1
1536,1536,2018-04-16,5.44525,5.49525,5.40625,5.46025,-1
1537,1537,2018-04-17,5.4565,5.47925,5.38925,5.4425,-1
1538,1538,2018-04-18,5.4715,5.5785,5.4655,5.5275,-1
1539,1539,2018-04-19,5.56275,5.585,5.471,5.52425,-1
1540,1540,2018-04-20,5.4945,5.5,5.4325,5.48675,-1
1541,1541,2018-04-23,5.50025,5.5005,5.42775,5.4475,-1
1542,1542,2018-04-24,5.4545,5.5035,5.4075,5.46,-1
1543,1543,2018-04-25,5.43625,5.4825,5.40325,5.4425,-1
1544,1544,2018-04-26,5.45575,5.53525,5.43925,5.46425,-1
1545,1545,2018-04-27,5.4595,5.4925,5.375,5.45725,-1
1546,1546,2018-04-30,5.46,5.4860000000000015,5.41175,5.4675,-1
1547,1547,2018-05-02,5.47775,5.52575,5.4270000000000005,5.47025,-1
1548,1548,2018-05-03,5.4689999999999985,5.51725,5.41975,5.4655,-1
1549,1549,2018-05-04,5.479,5.50175,5.46,5.48,-1
1550,1550,2018-05-07,5.4985,5.522,5.46075,5.49775,-1
1551,1551,2018-05-08,5.48375,5.506,5.42175,5.4375,-1
1552,1552,2018-05-09,5.496,5.5355,5.47825,5.501,-1
1553,1553,2018-05-10,5.51,5.55325,5.49575,5.5225,-1
1554,1554,2018-05-11,5.515,5.5395,5.485,5.502999999999999,-1
1555,1555,2018-05-14,5.49225,5.526,5.47125,5.51525,-1
1556,1556,2018-05-15,5.5145,5.5435,5.46275,5.49725,-1
1557,1557,2018-05-16,5.5,5.51125,5.47725,5.4910000000000005,-1
1558,1558,2018-05-17,5.51325,5.54325,5.494,5.53925,-1
1559,1559,2018-05-18,5.53225,5.5445,5.50275,5.53625,-1
1560,1560,2018-05-22,5.5539999999999985,5.6215,5.542000000000002,5.599,-1
1561,1561,2018-05-23,5.56625,5.59825,5.52625,5.5785,-1
1562,1562,2018-05-24,5.595,5.62625,5.5645,5.61025,-1
1563,1563,2018-05-25,5.5775,5.58875,5.54075,5.54525,-1
1564,1564,2018-05-28,5.53025,5.53475,5.49575,5.525,-1
1565,1565,2018-05-29,5.5515,5.57875,5.5125,5.52475,-1
1566,1566,2018-05-30,5.4905,5.52925,5.4785,5.52,-1
1567,1567,2018-05-31,5.53525,5.579,5.525,5.54325,-1
1568,1568,2018-06-01,5.54175,5.56075,5.50475,5.5125,-1
1569,1569,2018-06-04,5.50175,5.53125,5.46175,5.4625,-1
1570,1570,2018-06-05,5.465,5.50225,5.43375,5.46575,-1
1571,1571,2018-06-06,5.49325,5.51275,5.4689999999999985,5.479,-1
1572,1572,2018-06-07,5.4915,5.5185,5.481,5.50325,-1
1573,1573,2018-06-08,5.4655,5.5125,5.4620000000000015,5.48075,-1
1574,1574,2018-06-11,5.48625,5.51625,5.45075,5.48375,-1
1575,1575,2018-06-12,5.48525,5.50275,5.4555,5.47275,-1
1576,1576,2018-06-13,5.45875,5.5005,5.44925,5.48825,-1
1577,1577,2018-06-14,5.472,5.49525,5.4295,5.443,-1
1578,1578,2018-06-15,5.42325,5.44025,5.3555,5.36775,-1
1579,1579,2018-06-18,5.33325,5.36125,5.3035,5.3445,-1
1580,1580,2018-06-19,5.2925,5.313,5.21975,5.26475,-1
1581,1581,2018-06-20,5.2965,5.32775,5.26975,5.27575,-1
1582,1582,2018-06-21,5.26475,5.30175,5.22,5.2705,-1
1583,1583,2018-06-22,5.28525,5.32625,5.275,5.305,-1
1584,1584,2018-06-25,5.2735,5.313,5.23025,5.26,-1
1585,1585,2018-06-26,5.252999999999999,5.2735,5.22525,5.2515,-1
1586,1586,2018-06-27,5.2835,5.3260000000000005,5.27075,5.30275,-1
1587,1587,2018-06-28,5.28825,5.32025,5.277,5.3005,-1
1588,1588,2018-06-29,5.295,5.32975,5.28225,5.32625,-1
1589,1589,2018-07-02,5.292000000000002,5.30975,5.2365,5.24025,-1
1590,1590,2018-07-03,5.2405,5.27875,5.22075,5.22625,-1
1591,1591,2018-07-04,5.23825,5.25925,5.1945,5.22375,-1
1592,1592,2018-07-05,5.2155,5.25225,5.19025,5.23,-1
1593,1593,2018-07-06,5.20575,5.24575,5.17525,5.22275,-1
1594,1594,2018-07-09,5.254,5.28825,5.23125,5.245,-1
1595,1595,2018-07-10,5.2485,5.2655,5.20425,5.21975,-1
1596,1596,2018-07-11,5.17025,5.183,5.124,5.1370000000000005,-1
1597,1597,2018-07-12,5.1065,5.12,5.0775,5.08525,-1
1598,1598,2018-07-13,5.09725,5.115,5.07525,5.1125,-1
1599,1599,2018-07-16,5.08875,5.1105,5.04875,5.056,-1
1600,1600,2018-07-17,5.051,5.077,5.027,5.045,-1
1601,1601,2018-07-18,5.041,5.061,5.01235,5.0395,-1
1602,1602,2018-07-19,5.03825,5.0685,5.00225,5.0525,-1
1603,1603,2018-07-20,5.075,5.09975,5.04925,5.085,-1
1604,1604,2018-07-23,5.087,5.121,5.0805,5.10025,-1
1605,1605,2018-07-24,5.08,5.13775,5.0755,5.12875,-1
1606,1606,2018-07-25,5.12975,5.17375,5.113,5.15025,-1
1607,1607,2018-07-26,5.19225,5.19825,5.15975,5.175,-1
1608,1608,2018-07-27,5.16825,5.1895,5.1455,5.17175,-1
1609,1609,2018-07-30,5.16075,5.207000000000002,5.14925,5.195,-1
1610,1610,2018-07-31,5.185,5.23575,5.1725,5.1975,-1
1611,1611,2018-08-01,5.1595,5.16675,5.06275,5.12775,-1
1612,1612,2018-08-02,5.122000000000001,5.149,5.09075,5.1465,-1
1613,1613,2018-08-03,5.12475,5.1765,5.1160000000000005,5.16675,-1
1614,1614,2018-08-06,5.15,5.184,5.1445,5.175,-1
1615,1615,2018-08-07,5.2005,5.2189999999999985,5.185,5.188,-1
1616,1616,2018-08-08,5.2025,5.21325,5.16525,5.16725,-1
1617,1617,2018-08-09,5.171,5.1915,5.15975,5.1615,-1
1618,1618,2018-08-10,5.1335,5.17575,5.12225,5.15975,-1
1619,1619,2018-08-13,5.095,5.103,5.0710000000000015,5.07925,-1
1620,1620,2018-08-14,5.08575,5.11475,5.0765,5.08725,-1
1621,1621,2018-08-15,5.065,5.0680000000000005,4.9772,4.9909,-1
1622,1622,2018-08-16,5.0255,5.05225,5.01375,5.0405,-1
1623,1623,2018-08-17,5.02475,5.0775,5.023,5.0525,-1
1624,1624,2018-08-20,5.072,5.0925,5.0539999999999985,5.05925,-1
1625,1625,2018-08-21,5.0715,5.0925,5.062,5.06725,-1
1626,1626,2018-08-22,5.06775,5.0895,5.05175,5.07,-1
1627,1627,2018-08-23,5.0525,5.06975,5.0285,5.0585,-1
1628,1628,2018-08-24,5.0575,5.1045,5.05125,5.095,-1
1629,1629,2018-08-27,5.063,5.09025,5.05175,5.08725,-1
1630,1630,2018-08-28,5.0825,5.10725,5.06525,5.0775,-1
1631,1631,2018-08-29,5.04775,5.08725,5.04025,5.0685,-1
1632,1632,2018-08-30,5.0995,5.1035,5.05825,5.06225,-1
1633,1633,2018-08-31,5.08575,5.10425,5.0725,5.081,-1
1634,1634,2018-09-03,5.077,5.08875,5.06575,5.0765,-1
1635,1635,2018-09-04,5.06625,5.085,5.02975,5.0415,-1
1636,1636,2018-09-05,5.03725,5.04625,5.018,5.02475,-1
1637,1637,2018-09-06,5.0165,5.04125,4.9973,4.99935,-1
1638,1638,2018-09-07,4.9918,5.0125,4.9841,5.00525,-1
1639,1639,2018-09-10,5.01,5.03825,4.9982,5.024,-1
1640,1640,2018-09-11,5.0355,5.04525,4.9974,5.02175,-1
1641,1641,2018-09-12,5.0335,5.085,5.0305,5.07975,-1
1642,1642,2018-09-13,5.0525,5.06475,5.015,5.0255,-1
1643,1643,2018-09-14,5.0195,5.0280000000000005,4.9843,5.00275,-1
1644,1644,2018-09-17,4.9903,5.01025,4.985,4.9956,-1
1645,1645,2018-09-18,4.9758,5.02575,4.9688,4.9998,-1
1646,1646,2018-09-19,5.0325,5.05,5.017,5.04475,-1
1647,1647,2018-09-20,5.05625,5.0735,5.0465,5.064,-1
1648,1648,2018-09-21,5.09325,5.1325,5.08475,5.1055,-1
1649,1649,2018-09-24,5.12925,5.15275,5.117,5.143,-1
1650,1650,2018-09-25,5.134,5.174,5.12475,5.15525,-1
1651,1651,2018-09-26,5.15775,5.1665,5.135,5.14975,-1
1652,1652,2018-09-27,5.1325,5.144,5.1085,5.122999999999998,-1
1653,1653,2018-09-28,5.135,5.18675,5.12725,5.1765,-1
1654,1654,2018-10-01,5.15975,5.2185,5.14625,5.21275,-1
1655,1655,2018-10-02,5.24,5.287000000000001,5.21975,5.2805,-1
1656,1656,2018-10-04,5.31625,5.3285,5.28275,5.289,-1
1657,1657,2018-10-05,5.26975,5.2845,5.2475,5.26025,-1
1658,1658,2018-10-08,5.24125,5.266,5.2215,5.25775,-1
1659,1659,2018-10-09,5.284,5.29925,5.25375,5.273,-1
1660,1660,2018-10-10,5.28875,5.2975,5.2265,5.2375,-1
1661,1661,2018-10-11,5.19775,5.21425,5.1725,5.1905,-1
1662,1662,2018-10-12,5.23775,5.24525,5.2105,5.23175,-1
1663,1663,2018-10-15,5.2205,5.26925,5.2205,5.2565,-1
1664,1664,2018-10-16,5.26775,5.277,5.24975,5.26525,-1
1665,1665,2018-10-17,5.2705,5.28975,5.22475,5.24625,-1
1666,1666,2018-10-18,5.225,5.2375,5.188,5.207000000000002,-1
1667,1667,2018-10-19,5.20025,5.23225,5.17925,5.2045,-1
1668,1668,2018-10-22,5.2075,5.22025,5.17525,5.19,-1
1669,1669,2018-10-23,5.1805,5.18425,5.15375,5.17,-1
1670,1670,2018-10-24,5.14825,5.1775,5.126,5.14575,-1
1671,1671,2018-10-25,5.1175,5.1525,5.11125,5.1335,-1
1672,1672,2018-10-26,5.0975,5.14325,5.0805,5.132999999999999,-1
1673,1673,2018-10-29,5.12975,5.14,5.1085,5.11,-1
1674,1674,2018-10-30,5.09275,5.1025,5.04825,5.06325,-1
1675,1675,2018-10-31,5.0675,5.07525,5.0275,5.04075,-1
1676,1676,2018-11-01,5.0360000000000005,5.09525,5.0280000000000005,5.05425,-1
1677,1677,2018-11-02,5.06525,5.08025,5.04175,5.06775,-1
1678,1678,2018-11-05,5.09175,5.1195,5.0675,5.095,-1
1679,1679,2018-11-06,5.078,5.1025,5.04425,5.0535,-1
1680,1680,2018-11-07,5.05025,5.09075,5.03625,5.05525,-1
1681,1681,2018-11-08,5.05575,5.06825,5.03575,5.0425,-1
1682,1682,2018-11-09,5.01875,5.03875,4.9774,5.01775,-1
1683,1683,2018-11-12,5.04275,5.059,5.00925,5.03075,-1
1684,1684,2018-11-13,5.0425,5.049,4.9765,4.98725,-1
1685,1685,2018-11-14,4.9775,5.1075,4.9677,5.072,-1
1686,1686,2018-11-15,5.10425,5.11775,5.02725,5.0375,-1
1687,1687,2018-11-16,5.02775,5.09475,5.0029,5.04475,-1
1688,1688,2018-11-19,5.1235,5.12975,5.04975,5.101,-1
1689,1689,2018-11-20,5.0855,5.10775,5.01475,5.0275,-1
1690,1690,2018-11-21,5.0695,5.081,5.03975,5.05475,-1
1691,1691,2018-11-22,5.02425,5.03475,4.9707,4.985,-1
1692,1692,2018-11-23,4.972,4.9867,4.9222,4.9645,-1
1693,1693,2018-11-26,4.9025,4.9217,4.8824,4.8993,-1
1694,1694,2018-11-27,4.8897,4.9161,4.8741,4.8977,-1
1695,1695,2018-11-28,4.9110000000000005,4.954,4.8913,4.93,-1
1696,1696,2018-11-29,4.9687,4.9795,4.9371,4.9603,-1
1697,1697,2018-11-30,4.9839,4.9885,4.9331,4.9561,-1
1698,1698,2018-12-03,5.05225,5.06,5.0029,5.00475,-1
1699,1699,2018-12-04,5.02725,5.06875,5.024,5.0375,-1
1700,1700,2018-12-05,5.02125,5.0565,5.01975,5.04,-1
1701,1701,2018-12-06,5.00675,5.0094,4.9299,4.9319,-1
1702,1702,2018-12-07,4.9549,5.07725,4.9449,5.0615,-1
1703,1703,2018-12-10,5.03525,5.04125,4.9943,4.99485,-1
1704,1704,2018-12-11,4.9873,5.01425,4.979,4.9907,-1
1705,1705,2018-12-12,4.9881,5.01375,4.9624,4.9799,-1
1706,1706,2018-12-13,4.9645,4.9804,4.9345,4.9559,-1
1707,1707,2018-12-14,4.933,4.9496,4.9146,4.9199,-1
1708,1708,2018-12-17,4.8775,4.9016,4.8572,4.8595,-1
1709,1709,2018-12-18,4.8245,4.849,4.794,4.7988,-1
1710,1710,2018-12-19,4.8108,4.8183,4.7787,4.8093,-1
1711,1711,2018-12-20,4.792,4.8311,4.7721,4.7793,-1
1712,1712,2018-12-21,4.7658,4.7732,4.7176,4.7466,-1
1713,1713,2018-12-27,4.6942,4.7204,4.6806,4.6930000000000005,-1
1714,1714,2018-12-28,4.7053,4.7118,4.6731,4.6808,-1
1715,1715,2019-01-02,4.6191,4.6851,4.5904,4.6693,-1
1716,1716,2019-01-03,4.6199,4.6731,4.615,4.63,-1
1717,1717,2019-01-04,4.6976,4.7335,4.6932,4.7046,-1
1718,1718,2019-01-07,4.7338,4.762,4.7192,4.7527,-1
1719,1719,2019-01-08,4.7425,4.7734,4.7382,4.7554,-1
1720,1720,2019-01-09,4.7777,4.8092,4.7704,4.7981,-1
1721,1721,2019-01-10,4.8029,4.8256,4.7739,4.7905,-1
1722,1722,2019-01-11,4.8123,4.8402,4.7711,4.7896,-1
1723,1723,2019-01-14,4.7942,4.825,4.7796,4.8126,-1
1724,1724,2019-01-15,4.8275,4.8479,4.7967,4.8142,-1
1725,1725,2019-01-16,4.8332,4.8654,4.7916,4.8486,-1
1726,1726,2019-01-17,4.8341,4.8436,4.8061,4.8199,-1
1727,1727,2019-01-18,4.8478,4.887,4.8256,4.876,-1
1728,1728,2019-01-21,4.8785,4.8823,4.8572,4.8648,-1
1729,1729,2019-01-22,4.8542,4.8608,4.8125,4.8254,-1
1730,1730,2019-01-23,4.8432,4.8643,4.8189,4.8255,-1
1731,1731,2019-01-24,4.8146,4.8349,4.7943,4.8325,-1
1732,1732,2019-01-25,4.8436,4.8613,4.8118,4.86,-1
1733,1733,2019-01-28,4.8338,4.8425,4.8005,4.805,-1
1734,1734,2019-01-29,4.8102,4.8462,4.8052,4.8361,-1
1735,1735,2019-01-30,4.8436,4.8835,4.8369,4.87,-1
1736,1736,2019-01-31,4.8863,4.9144,4.8709,4.8914,-1
1737,1737,2019-02-01,4.8558,4.8895,4.8355,4.8751,-1
1738,1738,2019-02-04,4.8701,4.8803,4.8284,4.8701,-1
1739,1739,2019-02-05,4.881,4.8932,4.8594,4.8657,-1
1740,1740,2019-02-06,4.8629,4.8763,4.8389,4.87,-1
1741,1741,2019-02-07,4.8464,4.8704,4.8068,4.8152,-1
1742,1742,2019-02-08,4.8091,4.8382,4.7957,4.815,-1
1743,1743,2019-02-11,4.8033,4.8223,4.7744,4.7825,-1
1744,1744,2019-02-12,4.7981,4.8302,4.7886,4.8099,-1
1745,1745,2019-02-13,4.813,4.84,4.7963,4.8125,-1
1746,1746,2019-02-14,4.8336,4.8439999999999985,4.7868,4.7982,-1
1747,1747,2019-02-15,4.8146,4.8553,4.8051,4.8465,-1
1748,1748,2019-02-18,4.8755,4.8903,4.8562,4.8784,-1
1749,1749,2019-02-19,4.8848,4.896,4.8643,4.8766,-1
1750,1750,2019-02-20,4.8958,4.9067,4.8729,4.9051,-1
1751,1751,2019-02-21,4.9111,4.9252,4.8926,4.9151,-1
1752,1752,2019-02-22,4.9236,4.9488,4.9165,4.9313,-1
1753,1753,2019-02-25,4.947,4.955,4.8824,4.8827,-1
1754,1754,2019-02-26,4.8759,4.8961,4.8701,4.8824,-1
1755,1755,2019-02-27,4.8784,4.9152,4.8739,4.9099,-1
1756,1756,2019-02-28,4.8948,4.9096,4.8842,4.8925,-1
1757,1757,2019-03-01,4.9008,4.9008,4.855,4.8569,-1
1758,1758,2019-03-04,4.8639,4.883,4.854,4.856,-1
1759,1759,2019-03-05,4.8501,4.8775,4.8425,4.868,-1
1760,1760,2019-03-06,4.8675,4.8725,4.8335,4.8525,-1
1761,1761,2019-03-07,4.847,4.86,4.824,4.829,-1
1762,1762,2019-03-08,4.8260000000000005,4.83,4.792,4.8135,-1
1763,1763,2019-03-11,4.838,4.8455,4.8135,4.8185,-1
1764,1764,2019-03-12,4.8355,4.8615,4.8260000000000005,4.8475,-1
1765,1765,2019-03-13,4.8555,4.895,4.846,4.885,-1
1766,1766,2019-03-14,4.8945,4.899,4.8655,4.8845,-1
1767,1767,2019-03-15,4.8905,4.8985,4.8580000000000005,4.8905,-1
1768,1768,2019-03-18,4.8955,4.918,4.8835,4.907,-1
1769,1769,2019-03-19,4.919,4.9455,4.9165,4.919,-1
1770,1770,2019-03-20,4.9285,4.947,4.9085,4.94,-1
1771,1771,2019-03-21,4.964,4.966,4.9285,4.9305,-1
1772,1772,2019-03-22,4.9460000000000015,4.9485,4.881,4.8935,-1
1773,1773,2019-03-25,4.9030000000000005,4.9175,4.8889999999999985,4.915,-1
1774,1774,2019-03-26,4.915,4.936,4.9065,4.917,-1
1775,1775,2019-03-27,4.9135,4.917,4.8675,4.882,-1
1776,1776,2019-03-28,4.879,4.884,4.85,4.854,-1
1777,1777,2019-03-29,4.8695,4.908,4.8695,4.8775,-1
1778,1778,2019-04-01,4.8815,4.9005,4.8725,4.9,-1
1779,1779,2019-04-02,4.898,4.9030000000000005,4.867,4.8975,-1
1780,1780,2019-04-03,4.9255,4.9385,4.909,4.9145,-1
1781,1781,2019-04-04,4.928,4.9305,4.9110000000000005,4.925,-1
1782,1782,2019-04-05,4.9215,4.9315,4.9075,4.927,-1
1783,1783,2019-04-08,4.952,4.968,4.936,4.9565,-1
1784,1784,2019-04-09,4.962,4.974,4.939,4.9465,-1
1785,1785,2019-04-10,4.9555,4.975,4.9485,4.971,-1
1786,1786,2019-04-11,4.9685,4.9685,4.941,4.9485,-1
1787,1787,2019-04-12,4.937,4.963,4.9345,4.9460000000000015,-1
1788,1788,2019-04-15,4.9460000000000015,4.9475,4.921,4.926,-1
1789,1789,2019-04-16,4.925,4.9315,4.9015,4.9055,-1
1790,1790,2019-04-17,4.924,4.94,4.895,4.8985,-1
1791,1791,2019-04-18,4.8755,4.8885,4.862,4.8855,-1
1792,1792,2019-04-23,4.914,4.916,4.8815,4.887,-1
1793,1793,2019-04-24,4.882,4.8975,4.8765,4.878,-1
1794,1794,2019-04-25,4.876,4.883,4.856,4.869,-1
1795,1795,2019-04-26,4.8605,4.869,4.824,4.8355,-1
1796,1796,2019-04-29,4.8275,4.834,4.812,4.8210000000000015,-1
1797,1797,2019-04-30,4.8215,4.862,4.812,4.8225,-1
1798,1798,2019-05-02,4.8015,4.806,4.75,4.75,-1
1799,1799,2019-05-03,4.771,4.7965,4.7675,4.79,-1
1800,1800,2019-05-06,4.727,4.752,4.7205,4.749,-1
1801,1801,2019-05-07,4.749,4.7565,4.71,4.7265,-1
1802,1802,2019-05-08,4.74,4.743,4.7145,4.7365,-1
1803,1803,2019-05-09,4.706,4.7195,4.6745,4.676,-1
1804,1804,2019-05-10,4.7165,4.7265,4.6955,4.7105,-1
1805,1805,2019-05-13,4.6935,4.7155,4.67,4.6795,-1
1806,1806,2019-05-14,4.7025,4.755,4.689,4.7515,-1
1807,1807,2019-05-15,4.746,4.7795,4.7445,4.7795,-1
1808,1808,2019-05-16,4.777,4.81,4.7755,4.8045,-1
1809,1809,2019-05-17,4.7965,4.805,4.7725,4.779,-1
1810,1810,2019-05-20,4.7875,4.8,4.775,4.7755,-1
1811,1811,2019-05-21,4.792,4.7955,4.77,4.7810000000000015,-1
1812,1812,2019-05-22,4.7565,4.7571,4.725,4.728,-1
1813,1813,2019-05-23,4.704,4.71,4.6595,4.672,-1
1814,1814,2019-05-24,4.6789999999999985,4.7005,4.6745,4.686,-1
1815,1815,2019-05-27,4.707,4.722,4.7046,4.721,-1
1816,1816,2019-05-28,4.735,4.75,4.7255,4.731,-1
1817,1817,2019-05-29,4.7639999999999985,4.7715,4.716,4.735,-1
1818,1818,2019-05-30,4.745,4.7575,4.723,4.7265,-1
1819,1819,2019-05-31,4.718,4.718,4.665,4.6855,-1
1820,1820,2019-06-03,4.6405,4.6735,4.6265,4.6335,-1
1821,1821,2019-06-04,4.6315,4.647,4.6135,4.6415,-1
1822,1822,2019-06-05,4.627,4.64,4.582,4.5825,-1
1823,1823,2019-06-06,4.5760000000000005,4.598,4.564,4.581,-1
1824,1824,2019-06-07,4.6165,4.629,4.588,4.6095,-1
1825,1825,2019-06-11,4.6089,4.6205,4.599,4.62,-1
1826,1826,2019-06-12,4.605,4.6305,4.5885,4.6215,-1
1827,1827,2019-06-13,4.6345,4.6560000000000015,4.6235,4.6325,-1
1828,1828,2019-06-14,4.6415,4.6715,4.6325,4.664,-1
1829,1829,2019-06-17,4.667,4.668,4.638,4.6530000000000005,-1
1830,1830,2019-06-18,4.635,4.6960000000000015,4.623,4.685,-1
1831,1831,2019-06-19,4.673,4.673,4.648,4.6625,-1
1832,1832,2019-06-20,4.6985,4.7455,4.6895,4.721,-1
1833,1833,2019-06-21,4.72,4.743,4.7046,4.721,-1
1834,1834,2019-06-24,4.729,4.739,4.713,4.732,-1
1835,1835,2019-06-25,4.759,4.7855,4.7555,4.7755,-1
1836,1836,2019-06-26,4.7755,4.798,4.7655,4.7905,-1
1837,1837,2019-06-27,4.7755,4.7865,4.7655,4.7795,-1
1838,1838,2019-06-28,4.7785,4.7975,4.775,4.7905,-1
1839,1839,2019-07-01,4.777,4.7945,4.71,4.7115,-1
1840,1840,2019-07-02,4.727,4.727,4.66,4.6645,-1
1841,1841,2019-07-03,4.668,4.71,4.6585,4.7,-1
1842,1842,2019-07-04,4.7065,4.724,4.694,4.7105,-1
1843,1843,2019-07-05,4.707,4.7275,4.688,4.7185,-1
1844,1844,2019-07-08,4.7295,4.747,4.7115,4.7115,-1
1845,1845,2019-07-09,4.699,4.7155,4.6789999999999985,4.7045,-1
1846,1846,2019-07-10,4.727,4.7845,4.726,4.78,-1
1847,1847,2019-07-11,4.8175,4.822,4.79,4.7995,-1
1848,1848,2019-07-12,4.806,4.83,4.7905,4.819,-1
1849,1849,2019-07-15,4.837,4.845,4.7965,4.8055,-1
1850,1850,2019-07-16,4.7985,4.8039999999999985,4.7755,4.79,-1
1851,1851,2019-07-17,4.7385,4.7735,4.7385,4.751,-1
1852,1852,2019-07-18,4.738,4.756,4.6945,4.6965,-1
1853,1853,2019-07-19,4.7415,4.743,4.7185,4.724,-1
1854,1854,2019-07-22,4.7325,4.7515,4.7195,4.7225,-1
1855,1855,2019-07-23,4.724,4.726,4.6985,4.7055,-1
1856,1856,2019-07-24,4.739,4.7625,4.737,4.7455,-1
1857,1857,2019-07-25,4.7245,4.7465,4.7115,4.723,-1
1858,1858,2019-07-26,4.71,4.7115,4.683,4.685,-1
1859,1859,2019-07-29,4.6895,4.7045,4.68,4.697,-1
1860,1860,2019-07-30,4.709,4.72,4.6895,4.6930000000000005,-1
1861,1861,2019-07-31,4.718,4.7235,4.706,4.7105,-1
1862,1862,2019-08-01,4.6735,4.674,4.636,4.6485,-1
1863,1863,2019-08-02,4.5975,4.606,4.582,4.589,-1
1864,1864,2019-08-05,4.577,4.5855,4.539,4.58,-1
1865,1865,2019-08-06,4.587,4.59,4.565,4.5685,-1
1866,1866,2019-08-07,4.5515,4.564,4.505,4.506,-1
1867,1867,2019-08-08,4.5635,4.5925,4.5485,4.587,-1
1868,1868,2019-08-09,4.587,4.6215,4.5795,4.6085,-1
1869,1869,2019-08-12,4.5975,4.606,4.5795,4.5885,-1
1870,1870,2019-08-13,4.5710000000000015,4.6175,4.548,4.6175,-1
1871,1871,2019-08-14,4.604,4.6145,4.565,4.5665,-1
1872,1872,2019-08-15,4.58,4.584,4.547,4.57,-1
1873,1873,2019-08-16,4.572,4.58,4.5525,4.557,-1
1874,1874,2019-08-19,4.5680000000000005,4.575,4.5365,4.555,-1
1875,1875,2019-08-20,4.556,4.5725,4.543,4.547,-1
1876,1876,2019-08-21,4.5680000000000005,4.5875,4.561,4.5685,-1
1877,1877,2019-08-22,4.555,4.572,4.545,4.5465,-1
1878,1878,2019-08-23,4.5475,4.549,4.4969,4.5175,-1
1879,1879,2019-08-26,4.5285,4.563,4.5285,4.5455,-1
1880,1880,2019-08-27,4.5375,4.5535,4.534,4.5355,-1
1881,1881,2019-08-28,4.5675,4.5955,4.5625,4.5875,-1
1882,1882,2019-08-29,4.5925,4.62,4.5895,4.6095,-1
1883,1883,2019-08-30,4.598,4.619,4.5755,4.578,-1
1884,1884,2019-09-02,4.5915,4.592,4.5710000000000015,4.5715,-1
1885,1885,2019-09-03,4.5745,4.5745,4.5405,4.56,-1
1886,1886,2019-09-04,4.591,4.6395,4.5885,4.6395,-1
1887,1887,2019-09-05,4.6525,4.6691,4.6445,4.655,-1
1888,1888,2019-09-06,4.623,4.63,4.591,4.625,-1
1889,1889,2019-09-09,4.642,4.662,4.628,4.6605,-1
1890,1890,2019-09-10,4.6685,4.6865,4.6575,4.683,-1
1891,1891,2019-09-11,4.687,4.697,4.6665,4.6715,-1
1892,1892,2019-09-12,4.6610000000000005,4.6755,4.6228,4.6488,-1
1893,1893,2019-09-13,4.6705,4.6985,4.6568,4.6771,-1
1894,1894,2019-09-16,4.7627,4.8125,4.75,4.8096,-1
1895,1895,2019-09-17,4.8105,4.8207,4.7386,4.7565,-1
1896,1896,2019-09-18,4.7472,4.7494,4.7133,4.7238,-1
1897,1897,2019-09-19,4.71,4.7436,4.7039,4.7214,-1
1898,1898,2019-09-20,4.724,4.7372,4.7138,4.7209,-1
1899,1899,2019-09-23,4.718,4.7383,4.6987,4.7288,-1
1900,1900,2019-09-24,4.729,4.7304,4.705,4.7166,-1
1901,1901,2019-09-25,4.6975,4.6992,4.6618,4.6827,-1
1902,1902,2019-09-26,4.6895,4.7028,4.642,4.649,-1
1903,1903,2019-09-27,4.6565,4.6606,4.6265,4.655,-1
